[INFO] Scanning for projects...
[INFO] ------------------------------------------------------------------------
[INFO] Reactor Build Order:
[INFO] 
[INFO] DSpace Parent Project                                              [pom]
[INFO] DSpace Services Framework :: API and Implementation                [jar]
[INFO] DSpace Kernel :: API and Implementation                            [jar]
[INFO] DSpace Addon Modules                                               [pom]
[INFO] DSpace Kernel :: Additions and Local Customizations                [jar]
[INFO] DSpace IIIF                                                        [jar]
[INFO] DSpace OAI-PMH                                                     [jar]
[INFO] DSpace RDF                                                         [jar]
[INFO] DSpace SWORD                                                       [jar]
[INFO] DSpace SWORD v2                                                    [jar]
[INFO] DSpace Server Webapp                                               [war]
[INFO] DSpace Server Webapp:: Local Customizations                        [war]
[INFO] DSpace Assembly and Configuration                                  [pom]
[INFO] 
[INFO] ----------------------< org.dspace:dspace-parent >----------------------
[INFO] Building DSpace Parent Project 7.6.7                              [1/13]
[INFO]   from pom.xml
[INFO] --------------------------------[ pom ]---------------------------------
[INFO] 
[INFO] --- enforcer:3.6.2:enforce (enforce-java) @ dspace-parent ---
[INFO] Rule 0: org.apache.maven.enforcer.rules.version.RequireJavaVersion passed
[INFO] Rule 1: org.apache.maven.enforcer.rules.version.RequireMavenVersion passed
[INFO] 
[INFO] --- enforcer:3.6.2:enforce (enforce-versions) @ dspace-parent ---
[INFO] Rule 0: org.apache.maven.enforcer.rules.dependency.DependencyConvergence passed
[INFO] 
[INFO] --- enforcer:3.6.2:enforce (ban-dependencies) @ dspace-parent ---
[INFO] Rule 0: org.apache.maven.enforcer.rules.dependency.BannedDependencies passed
[INFO] 
[INFO] --- assembly:3.8.0:single (default) @ dspace-parent ---
[INFO] Reading assembly descriptor: src/main/assembly/testEnvironment.xml
[INFO] Processing sources for module project: org.dspace:dspace-services:jar:7.6.7
[INFO] Processing sources for module project: org.dspace:dspace-api:jar:7.6.7
[INFO] Processing sources for module project: org.dspace:dspace-iiif:jar:7.6.7
[INFO] Processing sources for module project: org.dspace:dspace-oai:jar:7.6.7
[INFO] Processing sources for module project: org.dspace:dspace-rdf:jar:7.6.7
[INFO] Processing sources for module project: org.dspace:dspace-sword:jar:7.6.7
[INFO] Processing sources for module project: org.dspace:dspace-swordv2:jar:7.6.7
[INFO] Processing sources for module project: org.dspace:dspace-server-webapp:war:7.6.7
[INFO] Processing sources for module project: org.dspace:dspace:pom:7.6.7
[INFO] Processing sources for module project: org.dspace:modules:pom:7.6.7
[INFO] Processing sources for module project: org.dspace:dspace:pom:7.6.7
[INFO] Building zip: /tmp/dspace-backend-package-2beaws0r/dspace-backend-java-offline/dspace-backend/target/dspace-parent-7.6.7-testEnvironment.zip
[INFO] 
[INFO] --- xml:1.2.1:validate (validate-ALL-xml-and-xsl) @ dspace-parent ---
[INFO] 
[INFO] ---------------------< org.dspace:dspace-services >---------------------
[INFO] Building DSpace Services Framework :: API and Implementation 7.6.7 [2/13]
[INFO]   from dspace-services/pom.xml
[INFO] --------------------------------[ jar ]---------------------------------
[INFO] 
[INFO] --- enforcer:3.6.2:enforce (enforce-java) @ dspace-services ---
[INFO] 
[INFO] --- enforcer:3.6.2:enforce (enforce-versions) @ dspace-services ---
[INFO] Rule 0: org.apache.maven.enforcer.rules.dependency.DependencyConvergence passed
[INFO] 
[INFO] --- enforcer:3.6.2:enforce (ban-dependencies) @ dspace-services ---
[INFO] Rule 0: org.apache.maven.enforcer.rules.dependency.BannedDependencies passed
[INFO] 
[INFO] --- resources:3.5.0:resources (default-resources) @ dspace-services ---
[INFO] Copying 2 resources from src/main/resources to target/classes
[INFO] 
[INFO] --- compiler:3.15.0:compile (default-compile) @ dspace-services ---
[INFO] Recompiling the module because of changed source code.
[INFO] Compiling 76 source files with javac [forked debug release 11] to target/classes
[WARNING] /tmp/dspace-backend-package-2beaws0r/dspace-backend-java-offline/dspace-backend/dspace-services/src/main/java/org/dspace/kernel/DSpaceKernel.java:[26,7] [MissingSummary] A summary fragment is required; consider using the value of the @return block as a summary fragment instead.
    (see https://google.github.io/styleguide/javaguide.html#s7.2-summary-fragment)
  Did you mean '*Returns the unique MBean name of this DSpace Kernel.'?
[WARNING] /tmp/dspace-backend-package-2beaws0r/dspace-backend-java-offline/dspace-backend/dspace-services/src/main/java/org/dspace/kernel/DSpaceKernel.java:[31,7] [MissingSummary] A summary fragment is required; consider using the value of the @return block as a summary fragment instead.
    (see https://google.github.io/styleguide/javaguide.html#s7.2-summary-fragment)
  Did you mean '*Returns true if this Kernel is started and running.'?
[WARNING] /tmp/dspace-backend-package-2beaws0r/dspace-backend-java-offline/dspace-backend/dspace-services/src/main/java/org/dspace/kernel/DSpaceKernel.java:[36,7] [MissingSummary] A summary fragment is required; consider using the value of the @return block as a summary fragment instead.
    (see https://google.github.io/styleguide/javaguide.html#s7.2-summary-fragment)
  Did you mean '*Returns the DSpace service manager instance for this Kernel.'?
[WARNING] /tmp/dspace-backend-package-2beaws0r/dspace-backend-java-offline/dspace-backend/dspace-services/src/main/java/org/dspace/kernel/DSpaceKernel.java:[41,7] [MissingSummary] A summary fragment is required; consider using the value of the @return block as a summary fragment instead.
    (see https://google.github.io/styleguide/javaguide.html#s7.2-summary-fragment)
  Did you mean '*Returns the DSpace configuration service for this Kernel.'?
[WARNING] /tmp/dspace-backend-package-2beaws0r/dspace-backend-java-offline/dspace-backend/dspace-services/src/main/java/org/dspace/kernel/DSpaceKernelManager.java:[97,25] [SynchronizeOnNonFinalField] Synchronizing on non-final fields is not safe: if the field is ever updated, different threads may end up locking on different objects.
    (see https://errorprone.info/bugpattern/SynchronizeOnNonFinalField)
[WARNING] /tmp/dspace-backend-package-2beaws0r/dspace-backend-java-offline/dspace-backend/dspace-services/src/main/java/org/dspace/servicemanager/DSpaceKernelImpl.java:[61,14] [ProtectedMembersInFinalClass] Make members of final classes package-private: DSpaceKernelImpl, registerShutdownHook, doDestroy
    (see https://errorprone.info/bugpattern/ProtectedMembersInFinalClass)
  Did you mean 'DSpaceKernelImpl(String name) {'?
[WARNING] /tmp/dspace-backend-package-2beaws0r/dspace-backend-java-offline/dspace-backend/dspace-services/src/main/java/org/dspace/servicemanager/DSpaceKernelImpl.java:[78,32] [MissingOverride] run overrides method in Thread; expected @Override
    (see https://errorprone.info/bugpattern/MissingOverride)
  Did you mean '@Override public void run() {'?
[WARNING] /tmp/dspace-backend-package-2beaws0r/dspace-backend-java-offline/dspace-backend/dspace-services/src/main/java/org/dspace/servicemanager/DSpaceKernelImpl.java:[89,32] [MissingOverride] getConfigurationService implements method in DSpaceKernel; expected @Override
    (see https://errorprone.info/bugpattern/MissingOverride)
  Did you mean '@Override public ConfigurationService getConfigurationService() {'?
[WARNING] /tmp/dspace-backend-package-2beaws0r/dspace-backend-java-offline/dspace-backend/dspace-services/src/main/java/org/dspace/servicemanager/DSpaceKernelImpl.java:[95,26] [MissingOverride] getServiceManager implements method in DSpaceKernel; expected @Override
    (see https://errorprone.info/bugpattern/MissingOverride)
  Did you mean '@Override public ServiceManager getServiceManager() {'?
[WARNING] /tmp/dspace-backend-package-2beaws0r/dspace-backend-java-offline/dspace-backend/dspace-services/src/main/java/org/dspace/servicemanager/DSpaceKernelImpl.java:[102,18] [MissingOverride] getMBeanName implements method in DSpaceKernel; expected @Override
    (see https://errorprone.info/bugpattern/MissingOverride)
  Did you mean '@Override public String getMBeanName() {'?
[WARNING] /tmp/dspace-backend-package-2beaws0r/dspace-backend-java-offline/dspace-backend/dspace-services/src/main/java/org/dspace/servicemanager/DSpaceKernelImpl.java:[109,19] [MissingOverride] isRunning implements method in DSpaceKernel; expected @Override
    (see https://errorprone.info/bugpattern/MissingOverride)
  Did you mean '@Override public boolean isRunning() {'?
[WARNING] /tmp/dspace-backend-package-2beaws0r/dspace-backend-java-offline/dspace-backend/dspace-services/src/main/java/org/dspace/servicemanager/DSpaceKernelImpl.java:[118,24] [MissingOverride] getManagedBean implements method in CommonLifecycle; expected @Override
    (see https://errorprone.info/bugpattern/MissingOverride)
  Did you mean '@Override public DSpaceKernel getManagedBean() {'?
[WARNING] /tmp/dspace-backend-package-2beaws0r/dspace-backend-java-offline/dspace-backend/dspace-services/src/main/java/org/dspace/servicemanager/DSpaceKernelImpl.java:[127,16] [MissingOverride] start implements method in CommonLifecycle; expected @Override
    (see https://errorprone.info/bugpattern/MissingOverride)
  Did you mean '@Override public void start() {'?
[WARNING] /tmp/dspace-backend-package-2beaws0r/dspace-backend-java-offline/dspace-backend/dspace-services/src/main/java/org/dspace/servicemanager/DSpaceKernelImpl.java:[144,27] [JavaUtilDate] Date has a bad API that leads to bugs; prefer java.time.Instant or LocalDate.
    (see https://errorprone.info/bugpattern/JavaUtilDate)
[WARNING] /tmp/dspace-backend-package-2beaws0r/dspace-backend-java-offline/dspace-backend/dspace-services/src/main/java/org/dspace/servicemanager/DSpaceKernelImpl.java:[179,16] [MissingOverride] stop implements method in CommonLifecycle; expected @Override
    (see https://errorprone.info/bugpattern/MissingOverride)
  Did you mean '@Override public void stop() {'?
[WARNING] /tmp/dspace-backend-package-2beaws0r/dspace-backend-java-offline/dspace-backend/dspace-services/src/main/java/org/dspace/servicemanager/DSpaceKernelImpl.java:[250,19] [Finalize] Do not override finalize
    (see https://errorprone.info/bugpattern/Finalize)
[WARNING] /tmp/dspace-backend-package-2beaws0r/dspace-backend-java-offline/dspace-backend/dspace-services/src/main/java/org/dspace/servicemanager/DSpaceKernelImpl.java:[276,15] [JavaUtilDate] Date has a bad API that leads to bugs; prefer java.time.Instant or LocalDate.
    (see https://errorprone.info/bugpattern/JavaUtilDate)
[WARNING] /tmp/dspace-backend-package-2beaws0r/dspace-backend-java-offline/dspace-backend/dspace-services/src/main/java/org/dspace/servicemanager/DSpaceKernelImpl.java:[276,44] [JavaUtilDate] Date has a bad API that leads to bugs; prefer java.time.Instant or LocalDate.
    (see https://errorprone.info/bugpattern/JavaUtilDate)
[WARNING] /tmp/dspace-backend-package-2beaws0r/dspace-backend-java-offline/dspace-backend/dspace-services/src/main/java/org/dspace/servicemanager/DSpaceKernelImpl.java:[290,18] [MissingOverride] invoke implements method in DynamicMBean; expected @Override
    (see https://errorprone.info/bugpattern/MissingOverride)
  Did you mean '@Override public Object invoke(String actionName, Object[] params, String[] signature)'?
[WARNING] /tmp/dspace-backend-package-2beaws0r/dspace-backend-java-offline/dspace-backend/dspace-services/src/main/java/org/dspace/servicemanager/DSpaceKernelImpl.java:[295,21] [MissingOverride] getMBeanInfo implements method in DynamicMBean; expected @Override
    (see https://errorprone.info/bugpattern/MissingOverride)
  Did you mean '@Override public MBeanInfo getMBeanInfo() {'?
[WARNING] /tmp/dspace-backend-package-2beaws0r/dspace-backend-java-offline/dspace-backend/dspace-services/src/main/java/org/dspace/servicemanager/DSpaceKernelImpl.java:[322,18] [MissingOverride] getAttribute implements method in DynamicMBean; expected @Override
    (see https://errorprone.info/bugpattern/MissingOverride)
  Did you mean '@Override public Object getAttribute(String attribute)'?
[WARNING] /tmp/dspace-backend-package-2beaws0r/dspace-backend-java-offline/dspace-backend/dspace-services/src/main/java/org/dspace/servicemanager/DSpaceKernelImpl.java:[332,25] [MissingOverride] getAttributes implements method in DynamicMBean; expected @Override
    (see https://errorprone.info/bugpattern/MissingOverride)
  Did you mean '@Override public AttributeList getAttributes(String[] attributes) {'?
[WARNING] /tmp/dspace-backend-package-2beaws0r/dspace-backend-java-offline/dspace-backend/dspace-services/src/main/java/org/dspace/servicemanager/DSpaceKernelImpl.java:[337,16] [MissingOverride] setAttribute implements method in DynamicMBean; expected @Override
    (see https://errorprone.info/bugpattern/MissingOverride)
  Did you mean '@Override public void setAttribute(Attribute attribute) throws AttributeNotFoundException,'?
[WARNING] /tmp/dspace-backend-package-2beaws0r/dspace-backend-java-offline/dspace-backend/dspace-services/src/main/java/org/dspace/servicemanager/DSpaceKernelImpl.java:[342,25] [MissingOverride] setAttributes implements method in DynamicMBean; expected @Override
    (see https://errorprone.info/bugpattern/MissingOverride)
  Did you mean '@Override public AttributeList setAttributes(AttributeList attributes) {'?
[WARNING] /tmp/dspace-backend-package-2beaws0r/dspace-backend-java-offline/dspace-backend/dspace-services/src/main/java/org/dspace/servicemanager/DSpaceServiceManager.java:[201,20] [UnusedMethod] Method 'checkNotifyServiceChange' is never used.
    (see https://errorprone.info/bugpattern/UnusedMethod)
  Did you mean to remove this line?
[WARNING] /tmp/dspace-backend-package-2beaws0r/dspace-backend-java-offline/dspace-backend/dspace-services/src/main/java/org/dspace/servicemanager/DSpaceServiceManager.java:[60,22] [ProtectedMembersInFinalClass] Make members of final classes package-private: running, developing, testing, springXmlConfigFiles, DSpaceServiceManager
    (see https://errorprone.info/bugpattern/ProtectedMembersInFinalClass)
  Did you mean 'boolean running = false;'?
[WARNING] /tmp/dspace-backend-package-2beaws0r/dspace-backend-java-offline/dspace-backend/dspace-services/src/main/java/org/dspace/servicemanager/DSpaceServiceManager.java:[104,7] [MissingSummary] A summary fragment is required; consider using the value of the @return block as a summary fragment instead.
    (see https://google.github.io/styleguide/javaguide.html#s7.2-summary-fragment)
  Did you mean '*Returns true if the service manager is running.'?
[WARNING] /tmp/dspace-backend-package-2beaws0r/dspace-backend-java-offline/dspace-backend/dspace-services/src/main/java/org/dspace/servicemanager/DSpaceServiceManager.java:[122,7] [MissingSummary] A summary fragment is required; consider using the value of the @return block as a summary fragment instead.
    (see https://google.github.io/styleguide/javaguide.html#s7.2-summary-fragment)
  Did you mean '*Returns the current spring bean factory OR null if there is not one.'?
[WARNING] /tmp/dspace-backend-package-2beaws0r/dspace-backend-java-offline/dspace-backend/dspace-services/src/main/java/org/dspace/servicemanager/DSpaceServiceManager.java:[599,7] [EmptyBlockTag] A block tag (@param, @return, @throws, @deprecated) has an empty description. Block tags without descriptions don't add much value for future readers of the code; consider removing the tag entirely or adding a description.
    (see https://google.github.io/styleguide/javaguide.html#s7.1.3-javadoc-block-tags)
  Did you mean '*'?
[WARNING] /tmp/dspace-backend-package-2beaws0r/dspace-backend-java-offline/dspace-backend/dspace-services/src/main/java/org/dspace/servicemanager/DSpaceServiceManager.java:[603,32] [JdkObsolete] It is very rare for LinkedList to out-perform ArrayList or ArrayDeque. Avoid it unless you're willing to invest a lot of time into benchmarking. Caveat: LinkedList supports null elements, but ArrayDeque does not.
    (see https://errorprone.info/bugpattern/JdkObsolete)
  Did you mean 'List<String> pathList = new ArrayList<>();'?
[WARNING] /tmp/dspace-backend-package-2beaws0r/dspace-backend-java-offline/dspace-backend/dspace-services/src/main/java/org/dspace/servicemanager/config/DSpaceConfigurationService.java:[609,21] [ProtectedMembersInFinalClass] Make members of final classes package-private: getDSpaceHome, isValidDSpaceHome, getCatalina
    (see https://errorprone.info/bugpattern/ProtectedMembersInFinalClass)
  Did you mean 'String getDSpaceHome(String providedHome) {'?
[WARNING] /tmp/dspace-backend-package-2beaws0r/dspace-backend-java-offline/dspace-backend/dspace-services/src/main/java/org/dspace/servicemanager/ServiceManagerUtils.java:[20,19] [MissingOverride] compare implements method in Comparator; expected @Override
    (see https://errorprone.info/bugpattern/MissingOverride)
  Did you mean '@Override public int compare(Object o1, Object o2) {'?
[WARNING] /tmp/dspace-backend-package-2beaws0r/dspace-backend-java-offline/dspace-backend/dspace-services/src/main/java/org/dspace/servicemanager/example/EventListenerExample.java:[32,20] [MissingOverride] getEventNamePrefixes implements method in EventListener; expected @Override
    (see https://errorprone.info/bugpattern/MissingOverride)
  Did you mean '@Override public String[] getEventNamePrefixes() {'?
[WARNING] /tmp/dspace-backend-package-2beaws0r/dspace-backend-java-offline/dspace-backend/dspace-services/src/main/java/org/dspace/servicemanager/example/EventListenerExample.java:[39,18] [MissingOverride] getResourcePrefix implements method in EventListener; expected @Override
    (see https://errorprone.info/bugpattern/MissingOverride)
  Did you mean '@Override public String getResourcePrefix() {'?
[WARNING] /tmp/dspace-backend-package-2beaws0r/dspace-backend-java-offline/dspace-backend/dspace-services/src/main/java/org/dspace/servicemanager/example/EventListenerExample.java:[43,16] [MissingOverride] receiveEvent implements method in EventListener; expected @Override
    (see https://errorprone.info/bugpattern/MissingOverride)
  Did you mean '@Override public void receiveEvent(Event event) {'?
[WARNING] /tmp/dspace-backend-package-2beaws0r/dspace-backend-java-offline/dspace-backend/dspace-services/src/main/java/org/dspace/services/model/Event.java:[116,7] [MissingSummary] A summary fragment is required; consider using the value of the @return block as a summary fragment instead.
    (see https://google.github.io/styleguide/javaguide.html#s7.2-summary-fragment)
  Did you mean '*Returns the unique identifier for this event (generated by the system).'?
[WARNING] /tmp/dspace-backend-package-2beaws0r/dspace-backend-java-offline/dspace-backend/dspace-services/src/main/java/org/dspace/services/model/Event.java:[127,7] [MissingSummary] A summary fragment is required; consider using the value of the @return block as a summary fragment instead.
    (see https://google.github.io/styleguide/javaguide.html#s7.2-summary-fragment)
  Did you mean '*Returns the name of this event (e.g. collection.modify, item.delete).'?
[WARNING] /tmp/dspace-backend-package-2beaws0r/dspace-backend-java-offline/dspace-backend/dspace-services/src/main/java/org/dspace/services/model/Event.java:[138,7] [MissingSummary] A summary fragment is required; consider using the value of the @return block as a summary fragment instead.
    (see https://google.github.io/styleguide/javaguide.html#s7.2-summary-fragment)
  Did you mean '*Returns the internal user id for the user who caused this event.'?
[WARNING] /tmp/dspace-backend-package-2beaws0r/dspace-backend-java-offline/dspace-backend/dspace-services/src/main/java/org/dspace/services/model/Event.java:[175,7] [MissingSummary] A summary fragment is required; consider using the value of the @return block as a summary fragment instead.
    (see https://google.github.io/styleguide/javaguide.html#s7.2-summary-fragment)
  Did you mean '*Returns the additional properties included with this event if there are any.'?
[WARNING] /tmp/dspace-backend-package-2beaws0r/dspace-backend-java-offline/dspace-backend/dspace-services/src/main/java/org/dspace/services/model/Event.java:[186,7] [MissingSummary] A summary fragment is required; consider using the value of the @return block as a summary fragment instead.
    (see https://google.github.io/styleguide/javaguide.html#s7.2-summary-fragment)
  Did you mean '*Returns the scopes the this event is sent to.'?
[WARNING] /tmp/dspace-backend-package-2beaws0r/dspace-backend-java-offline/dspace-backend/dspace-services/src/main/java/org/dspace/servicemanager/example/ServiceExample.java:[19,7] [MissingSummary] A summary fragment is required; consider using the value of the @return block as a summary fragment instead.
    (see https://google.github.io/styleguide/javaguide.html#s7.2-summary-fragment)
  Did you mean '*Returns some string for testing.'?
[WARNING] /tmp/dspace-backend-package-2beaws0r/dspace-backend-java-offline/dspace-backend/dspace-services/src/main/java/org/dspace/servicemanager/example/ServiceExample.java:[24,7] [MissingSummary] A summary fragment is required; consider using the value of the @return block as a summary fragment instead.
    (see https://google.github.io/styleguide/javaguide.html#s7.2-summary-fragment)
  Did you mean '*Returns some string from another service.'?
[WARNING] /tmp/dspace-backend-package-2beaws0r/dspace-backend-java-offline/dspace-backend/dspace-services/src/main/java/org/dspace/servicemanager/servlet/DSpaceKernelServletContextListener.java:[76,16] [MissingOverride] contextInitialized implements method in ServletContextListener; expected @Override
    (see https://errorprone.info/bugpattern/MissingOverride)
  Did you mean '@Override public void contextInitialized(ServletContextEvent arg0) {'?
[WARNING] /tmp/dspace-backend-package-2beaws0r/dspace-backend-java-offline/dspace-backend/dspace-services/src/main/java/org/dspace/servicemanager/servlet/DSpaceKernelServletContextListener.java:[99,16] [MissingOverride] contextDestroyed implements method in ServletContextListener; expected @Override
    (see https://errorprone.info/bugpattern/MissingOverride)
  Did you mean '@Override public void contextDestroyed(ServletContextEvent arg0) {'?
[WARNING] /tmp/dspace-backend-package-2beaws0r/dspace-backend-java-offline/dspace-backend/dspace-services/src/main/java/org/dspace/servicemanager/spring/DSpaceBeanFactoryPostProcessor.java:[28,20] [UnusedVariable] The field 'testMode' is never read.
    (see https://errorprone.info/bugpattern/UnusedVariable)
  Did you mean to remove this line?
[WARNING] /tmp/dspace-backend-package-2beaws0r/dspace-backend-java-offline/dspace-backend/dspace-services/src/main/java/org/dspace/services/EmailService.java:[14,3] [MissingSummary] A summary line is required on public/protected Javadocs.
    (see https://google.github.io/styleguide/javaguide.html#s7.2-summary-fragment)
[WARNING] /tmp/dspace-backend-package-2beaws0r/dspace-backend-java-offline/dspace-backend/dspace-services/src/main/java/org/dspace/services/events/SystemEventService.java:[244,17] [ClassCanBeStatic] Inner class is non-static but does not reference enclosing class
    (see https://errorprone.info/bugpattern/ClassCanBeStatic)
  Did you mean 'public static final class EventRequestInterceptor implements RequestInterceptor {'?
[WARNING] /tmp/dspace-backend-package-2beaws0r/dspace-backend-java-offline/dspace-backend/dspace-services/src/main/java/org/dspace/services/model/CacheConfig.java:[54,7] [MissingSummary] A summary fragment is required; consider using the value of the @return block as a summary fragment instead.
    (see https://google.github.io/styleguide/javaguide.html#s7.2-summary-fragment)
  Did you mean '*Returns the scope of the associated cache.'?
[WARNING] /tmp/dspace-backend-package-2beaws0r/dspace-backend-java-offline/dspace-backend/dspace-services/src/main/java/org/dspace/services/model/Session.java:[24,7] [MissingSummary] A summary fragment is required; consider using the value of the @return block as a summary fragment instead.
    (see https://google.github.io/styleguide/javaguide.html#s7.2-summary-fragment)
  Did you mean '*Returns the session identifier.  This is not the {@link #getId()}'?
[WARNING] /tmp/dspace-backend-package-2beaws0r/dspace-backend-java-offline/dspace-backend/dspace-services/src/main/java/org/dspace/services/model/Session.java:[46,7] [MissingSummary] A summary fragment is required; consider using the value of the @return block as a summary fragment instead.
    (see https://google.github.io/styleguide/javaguide.html#s7.2-summary-fragment)
  Did you mean '*Returns true if this session is active OR false if the session has timed out or been invalidated.'?
[WARNING] /tmp/dspace-backend-package-2beaws0r/dspace-backend-java-offline/dspace-backend/dspace-services/src/main/java/org/dspace/services/model/Session.java:[51,7] [MissingSummary] A summary fragment is required; consider using the value of the @return block as a summary fragment instead.
    (see https://google.github.io/styleguide/javaguide.html#s7.2-summary-fragment)
  Did you mean '*Returns id of the server with which this session is associated.'?
[WARNING] /tmp/dspace-backend-package-2beaws0r/dspace-backend-java-offline/dspace-backend/dspace-services/src/main/java/org/dspace/services/model/Session.java:[56,7] [MissingSummary] A summary fragment is required; consider using the value of the @return block as a summary fragment instead.
    (see https://google.github.io/styleguide/javaguide.html#s7.2-summary-fragment)
  Did you mean '*Returns the IP Address from which this session originated.'?
[WARNING] /tmp/dspace-backend-package-2beaws0r/dspace-backend-java-offline/dspace-backend/dspace-services/src/main/java/org/dspace/services/model/Session.java:[61,7] [MissingSummary] A summary fragment is required; consider using the value of the @return block as a summary fragment instead.
    (see https://google.github.io/styleguide/javaguide.html#s7.2-summary-fragment)
  Did you mean '*Returns the hostname from which this session originated.'?
[WARNING] /tmp/dspace-backend-package-2beaws0r/dspace-backend-java-offline/dspace-backend/dspace-services/src/main/java/org/dspace/services/model/Session.java:[71,18] [MissingOverride] getAttribute implements method in HttpSession; expected @Override
    (see https://errorprone.info/bugpattern/MissingOverride)
  Did you mean '@Override public String getAttribute(String key);'?
[WARNING] /tmp/dspace-backend-package-2beaws0r/dspace-backend-java-offline/dspace-backend/dspace-services/src/main/java/org/dspace/services/sessions/StatelessRequestServiceImpl.java:[265,16] [UnusedMethod] Method 'get' is never used.
    (see https://errorprone.info/bugpattern/UnusedMethod)
  Did you mean to remove this line?
[WARNING] /tmp/dspace-backend-package-2beaws0r/dspace-backend-java-offline/dspace-backend/dspace-services/src/main/java/org/dspace/services/sessions/StatelessRequestServiceImpl.java:[277,13] [UnusedMethod] Method 'remove' is never used.
    (see https://errorprone.info/bugpattern/UnusedMethod)
  Did you mean to remove this line?
[WARNING] /tmp/dspace-backend-package-2beaws0r/dspace-backend-java-offline/dspace-backend/dspace-services/src/main/java/org/dspace/services/sessions/StatelessRequestServiceImpl.java:[50,33] [UnusedVariable] The field 'configurationService' is never read.
    (see https://errorprone.info/bugpattern/UnusedVariable)
  Did you mean to remove this line?
[WARNING] /tmp/dspace-backend-package-2beaws0r/dspace-backend-java-offline/dspace-backend/dspace-services/src/main/java/org/dspace/services/sessions/StatelessRequestServiceImpl.java:[281,41] [ModifyCollectionInEnhancedForLoop] Modifying a collection while iterating over it in a loop may cause a ConcurrentModificationException to be thrown or lead to undefined behavior.
    (see https://errorprone.info/bugpattern/ModifyCollectionInEnhancedForLoop)
[WARNING] /tmp/dspace-backend-package-2beaws0r/dspace-backend-java-offline/dspace-backend/dspace-services/src/main/java/org/dspace/services/sessions/model/HttpRequestImpl.java:[31,26] [MissingOverride] getServletRequest implements method in Request; expected @Override
    (see https://errorprone.info/bugpattern/MissingOverride)
  Did you mean '@Override public ServletRequest getServletRequest() {'?
[WARNING] /tmp/dspace-backend-package-2beaws0r/dspace-backend-java-offline/dspace-backend/dspace-services/src/main/java/org/dspace/services/sessions/model/HttpRequestImpl.java:[35,30] [MissingOverride] getHttpServletRequest implements method in Request; expected @Override
    (see https://errorprone.info/bugpattern/MissingOverride)
  Did you mean '@Override public HttpServletRequest getHttpServletRequest() {'?
[WARNING] /tmp/dspace-backend-package-2beaws0r/dspace-backend-java-offline/dspace-backend/dspace-services/src/main/java/org/dspace/services/sessions/model/HttpRequestImpl.java:[43,27] [MissingOverride] getServletResponse implements method in Request; expected @Override
    (see https://errorprone.info/bugpattern/MissingOverride)
  Did you mean '@Override public ServletResponse getServletResponse() {'?
[WARNING] /tmp/dspace-backend-package-2beaws0r/dspace-backend-java-offline/dspace-backend/dspace-services/src/main/java/org/dspace/services/sessions/model/HttpRequestImpl.java:[47,31] [MissingOverride] getHttpServletResponse implements method in Request; expected @Override
    (see https://errorprone.info/bugpattern/MissingOverride)
  Did you mean '@Override public HttpServletResponse getHttpServletResponse() {'?
[WARNING] /tmp/dspace-backend-package-2beaws0r/dspace-backend-java-offline/dspace-backend/dspace-services/src/main/java/org/dspace/services/sessions/model/HttpRequestImpl.java:[55,18] [MissingOverride] getAttribute implements method in Request; expected @Override
    (see https://errorprone.info/bugpattern/MissingOverride)
  Did you mean '@Override public Object getAttribute(String name) {'?
[WARNING] /tmp/dspace-backend-package-2beaws0r/dspace-backend-java-offline/dspace-backend/dspace-services/src/main/java/org/dspace/services/sessions/model/HttpRequestImpl.java:[59,16] [MissingOverride] setAttribute implements method in Request; expected @Override
    (see https://errorprone.info/bugpattern/MissingOverride)
  Did you mean '@Override public void setAttribute(String name, Object o) {'?
[WARNING] /tmp/dspace-backend-package-2beaws0r/dspace-backend-java-offline/dspace-backend/dspace-services/src/main/java/org/dspace/services/sessions/model/InternalRequestImpl.java:[26,26] [MissingOverride] getServletRequest implements method in Request; expected @Override
    (see https://errorprone.info/bugpattern/MissingOverride)
  Did you mean '@Override public ServletRequest getServletRequest() {'?
[WARNING] /tmp/dspace-backend-package-2beaws0r/dspace-backend-java-offline/dspace-backend/dspace-services/src/main/java/org/dspace/services/sessions/model/InternalRequestImpl.java:[30,30] [MissingOverride] getHttpServletRequest implements method in Request; expected @Override
    (see https://errorprone.info/bugpattern/MissingOverride)
  Did you mean '@Override public HttpServletRequest getHttpServletRequest() {'?
[WARNING] /tmp/dspace-backend-package-2beaws0r/dspace-backend-java-offline/dspace-backend/dspace-services/src/main/java/org/dspace/services/sessions/model/InternalRequestImpl.java:[34,27] [MissingOverride] getServletResponse implements method in Request; expected @Override
    (see https://errorprone.info/bugpattern/MissingOverride)
  Did you mean '@Override public ServletResponse getServletResponse() {'?
[WARNING] /tmp/dspace-backend-package-2beaws0r/dspace-backend-java-offline/dspace-backend/dspace-services/src/main/java/org/dspace/services/sessions/model/InternalRequestImpl.java:[38,31] [MissingOverride] getHttpServletResponse implements method in Request; expected @Override
    (see https://errorprone.info/bugpattern/MissingOverride)
  Did you mean '@Override public HttpServletResponse getHttpServletResponse() {'?
[WARNING] /tmp/dspace-backend-package-2beaws0r/dspace-backend-java-offline/dspace-backend/dspace-services/src/main/java/org/dspace/services/sessions/model/InternalRequestImpl.java:[42,18] [MissingOverride] getAttribute implements method in Request; expected @Override
    (see https://errorprone.info/bugpattern/MissingOverride)
  Did you mean '@Override public Object getAttribute(String name) {'?
[WARNING] /tmp/dspace-backend-package-2beaws0r/dspace-backend-java-offline/dspace-backend/dspace-services/src/main/java/org/dspace/services/sessions/model/InternalRequestImpl.java:[46,16] [MissingOverride] setAttribute implements method in Request; expected @Override
    (see https://errorprone.info/bugpattern/MissingOverride)
  Did you mean '@Override public void setAttribute(String name, Object o) {'?
[WARNING] /tmp/dspace-backend-package-2beaws0r/dspace-backend-java-offline/dspace-backend/dspace-services/src/main/java/org/dspace/utils/StreamUtils.java:[44,51] [DefaultCharset] Implicit use of the platform default charset, which can result in differing behaviour between JVM executions or incorrect behavior if the encoding of the data source doesn't match expectations.
    (see https://errorprone.info/bugpattern/DefaultCharset)
  Did you mean 'BufferedReader reader = new BufferedReader(new InputStreamReader(is, UTF_8));' or 'BufferedReader reader = new BufferedReader(new InputStreamReader(is, Charset.defaultCharset()));'?
[WARNING] /tmp/dspace-backend-package-2beaws0r/dspace-backend-java-offline/dspace-backend/dspace-services/src/main/java/org/dspace/utils/StreamUtils.java:[53,12] [CatchAndPrintStackTrace] Logging or rethrowing exceptions should usually be preferred to catching and calling printStackTrace
    (see https://errorprone.info/bugpattern/CatchAndPrintStackTrace)
[WARNING] /tmp/dspace-backend-package-2beaws0r/dspace-backend-java-offline/dspace-backend/dspace-services/src/main/java/org/dspace/utils/StreamUtils.java:[58,16] [CatchAndPrintStackTrace] Logging or rethrowing exceptions should usually be preferred to catching and calling printStackTrace
    (see https://errorprone.info/bugpattern/CatchAndPrintStackTrace)
[WARNING] /tmp/dspace-backend-package-2beaws0r/dspace-backend-java-offline/dspace-backend/dspace-services/src/main/java/org/dspace/utils/servicemanager/OrderedServiceComparator.java:[32,15] [MissingOverride] compare implements method in Comparator; expected @Override
    (see https://errorprone.info/bugpattern/MissingOverride)
  Did you mean '@Override public int compare(Object arg0, Object arg1) {'?
[WARNING] /tmp/dspace-backend-package-2beaws0r/dspace-backend-java-offline/dspace-backend/dspace-services/src/main/java/org/dspace/utils/servicemanager/ProviderStack.java:[32,44] [ProtectedMembersInFinalClass] Make members of final classes package-private: providers, refresh
    (see https://errorprone.info/bugpattern/ProtectedMembersInFinalClass)
  Did you mean 'final List<ProviderHolder<T>> providers;'?
[WARNING] /tmp/dspace-backend-package-2beaws0r/dspace-backend-java-offline/dspace-backend/dspace-services/src/main/java/org/dspace/utils/servicemanager/ProviderStack.java:[224,40] [MissingOverride] hasNext implements method in Iterator; expected @Override
    (see https://errorprone.info/bugpattern/MissingOverride)
  Did you mean '@Override public synchronized boolean hasNext() {'?
[WARNING] /tmp/dspace-backend-package-2beaws0r/dspace-backend-java-offline/dspace-backend/dspace-services/src/main/java/org/dspace/utils/servicemanager/ProviderStack.java:[231,34] [MissingOverride] next implements method in Iterator; expected @Override
    (see https://errorprone.info/bugpattern/MissingOverride)
  Did you mean '@Override public synchronized T next() {'?
[WARNING] /tmp/dspace-backend-package-2beaws0r/dspace-backend-java-offline/dspace-backend/dspace-services/src/main/java/org/dspace/utils/servicemanager/ProviderStack.java:[252,24] [MissingOverride] remove implements method in Iterator; expected @Override
    (see https://errorprone.info/bugpattern/MissingOverride)
  Did you mean '@Override public void remove() {'?
[WARNING] /tmp/dspace-backend-package-2beaws0r/dspace-backend-java-offline/dspace-backend/dspace-services/src/main/java/org/dspace/utils/servicemanager/ProviderStackComparator.java:[24,15] [MissingOverride] compare implements method in Comparator; expected @Override
    (see https://errorprone.info/bugpattern/MissingOverride)
  Did you mean '@Override public int compare(ProviderHolder<?> ph0, ProviderHolder<?> ph1) {'?
[WARNING] /tmp/dspace-backend-package-2beaws0r/dspace-backend-java-offline/dspace-backend/dspace-services/src/main/java/org/dspace/utils/servicemanager/RequestExecutor.java:[108,16] [MissingOverride] run implements method in Runnable; expected @Override
    (see https://errorprone.info/bugpattern/MissingOverride)
  Did you mean '@Override public void run() {'?
[WARNING] /tmp/dspace-backend-package-2beaws0r/dspace-backend-java-offline/dspace-backend/dspace-services/src/main/java/org/dspace/utils/servlet/DSpaceWebappServletFilter.java:[40,16] [MissingOverride] init implements method in Filter; expected @Override
    (see https://errorprone.info/bugpattern/MissingOverride)
  Did you mean '@Override public void init(FilterConfig filterConfig) throws ServletException {'?
[WARNING] /tmp/dspace-backend-package-2beaws0r/dspace-backend-java-offline/dspace-backend/dspace-services/src/main/java/org/dspace/utils/servlet/DSpaceWebappServletFilter.java:[57,16] [MissingOverride] destroy implements method in Filter; expected @Override
    (see https://errorprone.info/bugpattern/MissingOverride)
  Did you mean '@Override public void destroy() {'?
[WARNING] /tmp/dspace-backend-package-2beaws0r/dspace-backend-java-offline/dspace-backend/dspace-services/src/main/java/org/dspace/utils/servlet/DSpaceWebappServletFilter.java:[67,16] [MissingOverride] doFilter implements method in Filter; expected @Override
    (see https://errorprone.info/bugpattern/MissingOverride)
  Did you mean '@Override public void doFilter(ServletRequest request, ServletResponse response, FilterChain chain)'?
[WARNING] /tmp/dspace-backend-package-2beaws0r/dspace-backend-java-offline/dspace-backend/dspace-services/src/main/java/org/dspace/utils/servlet/DSpaceWebappServletFilter.java:[106,7] [MissingSummary] A summary fragment is required; consider using the value of the @return block as a summary fragment instead.
    (see https://google.github.io/styleguide/javaguide.html#s7.2-summary-fragment)
  Did you mean '*Returns the current DSpace kernel or fail.'?
[INFO] 
[INFO] --- resources:3.5.0:testResources (default-testResources) @ dspace-services ---
[INFO] Copying 6 resources from src/test/resources to target/test-classes
[INFO] 
[INFO] --- xml:1.2.1:validate (validate-ALL-xml-and-xsl) @ dspace-services ---
[INFO] 
[INFO] --- compiler:3.15.0:testCompile (default-testCompile) @ dspace-services ---
[INFO] Recompiling the module because of changed dependency.
[INFO] Compiling 29 source files with javac [forked debug release 11] to target/test-classes
[WARNING] /tmp/dspace-backend-package-2beaws0r/dspace-backend-java-offline/dspace-backend/dspace-services/src/test/java/org/dspace/servicemanager/DSpaceKernelImplTest.java:[97,15] [UnusedVariable] This assignment to the local variable 'kernel' is never read.
    (see https://errorprone.info/bugpattern/UnusedVariable)
  Did you mean to remove this line?
[WARNING] /tmp/dspace-backend-package-2beaws0r/dspace-backend-java-offline/dspace-backend/dspace-services/src/test/java/org/dspace/servicemanager/DSpaceKernelManagerTest.java:[59,15] [UnusedVariable] This assignment to the local variable 'kernel' is never read.
    (see https://errorprone.info/bugpattern/UnusedVariable)
  Did you mean to remove this line?
[WARNING] /tmp/dspace-backend-package-2beaws0r/dspace-backend-java-offline/dspace-backend/dspace-services/src/test/java/org/dspace/servicemanager/DSpaceTest.java:[85] [NotJavadoc] Avoid using `/**` for comments which aren't actually Javadoc.
    (see https://errorprone.info/bugpattern/NotJavadoc)
  Did you mean '/*'?
[WARNING] /tmp/dspace-backend-package-2beaws0r/dspace-backend-java-offline/dspace-backend/dspace-services/src/test/java/org/dspace/servicemanager/MockServiceManagerSystem.java:[33,31] [MissingOverride] getServices implements method in ServiceManagerSystem; expected @Override
    (see https://errorprone.info/bugpattern/MissingOverride)
  Did you mean '@Override public Map<String, Object> getServices() {'?
[WARNING] /tmp/dspace-backend-package-2beaws0r/dspace-backend-java-offline/dspace-backend/dspace-services/src/test/java/org/dspace/servicemanager/MockServiceManagerSystem.java:[40,16] [MissingOverride] shutdown implements method in ServiceManagerSystem; expected @Override
    (see https://errorprone.info/bugpattern/MissingOverride)
  Did you mean '@Override public void shutdown() {'?
[WARNING] /tmp/dspace-backend-package-2beaws0r/dspace-backend-java-offline/dspace-backend/dspace-services/src/test/java/org/dspace/servicemanager/MockServiceManagerSystem.java:[47,16] [MissingOverride] startup implements method in ServiceManagerSystem; expected @Override
    (see https://errorprone.info/bugpattern/MissingOverride)
  Did you mean '@Override public void startup() {'?
[WARNING] /tmp/dspace-backend-package-2beaws0r/dspace-backend-java-offline/dspace-backend/dspace-services/src/test/java/org/dspace/servicemanager/MockServiceManagerSystem.java:[54,16] [MissingOverride] unregisterService implements method in ServiceManager; expected @Override
    (see https://errorprone.info/bugpattern/MissingOverride)
  Did you mean '@Override public void unregisterService(String name) {'?
[WARNING] /tmp/dspace-backend-package-2beaws0r/dspace-backend-java-offline/dspace-backend/dspace-services/src/test/java/org/dspace/servicemanager/MockServiceManagerSystem.java:[61,17] [MissingOverride] getServiceByName implements method in ServiceManager; expected @Override
    (see https://errorprone.info/bugpattern/MissingOverride)
  Did you mean '@Override public <T> T getServiceByName(String name, Class<T> type) {'?
[WARNING] /tmp/dspace-backend-package-2beaws0r/dspace-backend-java-offline/dspace-backend/dspace-services/src/test/java/org/dspace/servicemanager/MockServiceManagerSystem.java:[65,42] [MissingOverride] getApplicationContext implements method in ServiceManager; expected @Override
    (see https://errorprone.info/bugpattern/MissingOverride)
  Did you mean '@Override public ConfigurableApplicationContext getApplicationContext() {'?
[WARNING] /tmp/dspace-backend-package-2beaws0r/dspace-backend-java-offline/dspace-backend/dspace-services/src/test/java/org/dspace/servicemanager/MockServiceManagerSystem.java:[72,23] [MissingOverride] getServicesByType implements method in ServiceManager; expected @Override
    (see https://errorprone.info/bugpattern/MissingOverride)
  Did you mean '@Override public <T> List<T> getServicesByType(Class<T> type) {'?
[WARNING] /tmp/dspace-backend-package-2beaws0r/dspace-backend-java-offline/dspace-backend/dspace-services/src/test/java/org/dspace/servicemanager/MockServiceManagerSystem.java:[79,24] [MissingOverride] getServicesNames implements method in ServiceManager; expected @Override
    (see https://errorprone.info/bugpattern/MissingOverride)
  Did you mean '@Override public List<String> getServicesNames() {'?
[WARNING] /tmp/dspace-backend-package-2beaws0r/dspace-backend-java-offline/dspace-backend/dspace-services/src/test/java/org/dspace/servicemanager/MockServiceManagerSystem.java:[86,19] [MissingOverride] isServiceExists implements method in ServiceManager; expected @Override
    (see https://errorprone.info/bugpattern/MissingOverride)
  Did you mean '@Override public boolean isServiceExists(String name) {'?
[WARNING] /tmp/dspace-backend-package-2beaws0r/dspace-backend-java-offline/dspace-backend/dspace-services/src/test/java/org/dspace/servicemanager/MockServiceManagerSystem.java:[93,16] [MissingOverride] pushConfig implements method in ServiceManager; expected @Override
    (see https://errorprone.info/bugpattern/MissingOverride)
  Did you mean '@Override public void pushConfig(Map<String, Object> settings) {'?
[WARNING] /tmp/dspace-backend-package-2beaws0r/dspace-backend-java-offline/dspace-backend/dspace-services/src/test/java/org/dspace/servicemanager/MockServiceManagerSystem.java:[100,16] [MissingOverride] registerService implements method in ServiceManager; expected @Override
    (see https://errorprone.info/bugpattern/MissingOverride)
  Did you mean '@Override public void registerService(String name, Object service) {'?
[WARNING] /tmp/dspace-backend-package-2beaws0r/dspace-backend-java-offline/dspace-backend/dspace-services/src/test/java/org/dspace/servicemanager/MockServiceManagerSystem.java:[112,17] [MissingOverride] registerServiceClass implements method in ServiceManager; expected @Override
    (see https://errorprone.info/bugpattern/MissingOverride)
  Did you mean '@Override public <T> T registerServiceClass(String name, Class<T> type) {'?
[WARNING] /tmp/dspace-backend-package-2beaws0r/dspace-backend-java-offline/dspace-backend/dspace-services/src/test/java/org/dspace/servicemanager/config/DSpaceConfigurationBeanTest.java:[97,4] [NotJavadoc] Avoid using `/**` for comments which aren't actually Javadoc.
    (see https://errorprone.info/bugpattern/NotJavadoc)
  Did you mean '/*'?
[WARNING] /tmp/dspace-backend-package-2beaws0r/dspace-backend-java-offline/dspace-backend/dspace-services/src/test/java/org/dspace/servicemanager/config/DSpaceConfigurationBeanTest.java:[34,19] [UnusedVariable] The field 'propertyFilePath' is never read.
    (see https://errorprone.info/bugpattern/UnusedVariable)
  Did you mean to remove this line or to remove this line?
[WARNING] /tmp/dspace-backend-package-2beaws0r/dspace-backend-java-offline/dspace-backend/dspace-services/src/test/java/org/dspace/test/DSpaceAbstractTest.java:[30,7] [MissingSummary] A summary fragment is required; consider using the value of the @return block as a summary fragment instead.
    (see https://google.github.io/styleguide/javaguide.html#s7.2-summary-fragment)
  Did you mean '*Returns the current kernel running for this test.'?
[WARNING] /tmp/dspace-backend-package-2beaws0r/dspace-backend-java-offline/dspace-backend/dspace-services/src/test/java/org/dspace/test/DSpaceAbstractTest.java:[37,7] [MissingSummary] A summary fragment is required; consider using the value of the @return block as a summary fragment instead.
    (see https://google.github.io/styleguide/javaguide.html#s7.2-summary-fragment)
  Did you mean '*Returns the current service manager for this kernel.'?
[WARNING] /tmp/dspace-backend-package-2beaws0r/dspace-backend-java-offline/dspace-backend/dspace-services/src/test/java/org/dspace/test/DSpaceAbstractTest.java:[81,7] [EmptyBlockTag] A block tag (@param, @return, @throws, @deprecated) has an empty description. Block tags without descriptions don't add much value for future readers of the code; consider removing the tag entirely or adding a description.
    (see https://google.github.io/styleguide/javaguide.html#s7.1.3-javadoc-block-tags)
  Did you mean '*'?
[WARNING] /tmp/dspace-backend-package-2beaws0r/dspace-backend-java-offline/dspace-backend/dspace-services/src/test/java/org/dspace/servicemanager/servlet/DSpaceKernelServletContextListenerTest.java:[126,12] [CatchAndPrintStackTrace] Logging or rethrowing exceptions should usually be preferred to catching and calling printStackTrace
    (see https://errorprone.info/bugpattern/CatchAndPrintStackTrace)
[WARNING] /tmp/dspace-backend-package-2beaws0r/dspace-backend-java-offline/dspace-backend/dspace-services/src/test/java/org/dspace/services/email/EmailServiceImplTest.java:[25,3] [MissingSummary] A summary line is required on public/protected Javadocs.
    (see https://google.github.io/styleguide/javaguide.html#s7.2-summary-fragment)
[WARNING] /tmp/dspace-backend-package-2beaws0r/dspace-backend-java-offline/dspace-backend/dspace-services/src/test/java/org/dspace/services/events/EventListenerNoFilter.java:[24,34] [JdkObsolete] Vector performs synchronization that is usually unnecessary; prefer ArrayList.
    (see https://errorprone.info/bugpattern/JdkObsolete)
[WARNING] /tmp/dspace-backend-package-2beaws0r/dspace-backend-java-offline/dspace-backend/dspace-services/src/test/java/org/dspace/services/events/EventListenerNoFilter.java:[37,20] [MissingOverride] getEventNamePrefixes implements method in EventListener; expected @Override
    (see https://errorprone.info/bugpattern/MissingOverride)
  Did you mean '@Override public String[] getEventNamePrefixes() {'?
[WARNING] /tmp/dspace-backend-package-2beaws0r/dspace-backend-java-offline/dspace-backend/dspace-services/src/test/java/org/dspace/services/events/EventListenerNoFilter.java:[44,18] [MissingOverride] getResourcePrefix implements method in EventListener; expected @Override
    (see https://errorprone.info/bugpattern/MissingOverride)
  Did you mean '@Override public String getResourcePrefix() {'?
[WARNING] /tmp/dspace-backend-package-2beaws0r/dspace-backend-java-offline/dspace-backend/dspace-services/src/test/java/org/dspace/services/events/EventListenerNoFilter.java:[51,16] [MissingOverride] receiveEvent implements method in EventListener; expected @Override
    (see https://errorprone.info/bugpattern/MissingOverride)
  Did you mean '@Override public void receiveEvent(Event event) {'?
[WARNING] /tmp/dspace-backend-package-2beaws0r/dspace-backend-java-offline/dspace-backend/dspace-services/src/test/java/org/dspace/services/events/EventServiceTest.java:[29,27] [UnusedVariable] The field 'requestService' is never read.
    (see https://errorprone.info/bugpattern/UnusedVariable)
  Did you mean to remove this line or to remove this line?
[WARNING] /tmp/dspace-backend-package-2beaws0r/dspace-backend-java-offline/dspace-backend/dspace-services/src/test/java/org/dspace/services/session/MockRequestInterceptor.java:[27,16] [MissingOverride] onEnd implements method in RequestInterceptor; expected @Override
    (see https://errorprone.info/bugpattern/MissingOverride)
  Did you mean '@Override public void onEnd(String requestId, boolean succeeded, Exception failure) {'?
[WARNING] /tmp/dspace-backend-package-2beaws0r/dspace-backend-java-offline/dspace-backend/dspace-services/src/test/java/org/dspace/services/session/MockRequestInterceptor.java:[39,16] [MissingOverride] onStart implements method in RequestInterceptor; expected @Override
    (see https://errorprone.info/bugpattern/MissingOverride)
  Did you mean '@Override public void onStart(String requestId) {'?
[WARNING] /tmp/dspace-backend-package-2beaws0r/dspace-backend-java-offline/dspace-backend/dspace-services/src/test/java/org/dspace/services/session/MockRequestInterceptor.java:[47,15] [MissingOverride] getOrder implements method in OrderedService; expected @Override
    (see https://errorprone.info/bugpattern/MissingOverride)
  Did you mean '@Override public int getOrder() {'?
[WARNING] /tmp/dspace-backend-package-2beaws0r/dspace-backend-java-offline/dspace-backend/dspace-services/src/test/java/org/dspace/test/DSpaceAbstractRequestTest.java:[27,7] [MissingSummary] A summary fragment is required; consider using the value of the @return block as a summary fragment instead.
    (see https://google.github.io/styleguide/javaguide.html#s7.2-summary-fragment)
  Did you mean '*Returns the current request ID for the current running request.'?
[WARNING] /tmp/dspace-backend-package-2beaws0r/dspace-backend-java-offline/dspace-backend/dspace-services/src/test/java/org/dspace/utils/servicemanager/ProviderHolderTest.java:[84,10] [UnusedVariable] This assignment to the local variable 't' is never read.
    (see https://errorprone.info/bugpattern/UnusedVariable)
  Did you mean to remove this line?
[WARNING] /tmp/dspace-backend-package-2beaws0r/dspace-backend-java-offline/dspace-backend/dspace-services/src/test/java/org/dspace/utils/servicemanager/ProviderHolderTest.java:[41,10] [UnusedVariable] This assignment to the local variable 't' is never read.
    (see https://errorprone.info/bugpattern/UnusedVariable)
  Did you mean to remove this line?
[WARNING] /tmp/dspace-backend-package-2beaws0r/dspace-backend-java-offline/dspace-backend/dspace-services/src/test/java/org/dspace/utils/servicemanager/ProviderHolderTest.java:[24,11] [ClassCanBeStatic] Inner class is non-static but does not reference enclosing class
    (see https://errorprone.info/bugpattern/ClassCanBeStatic)
  Did you mean 'public static class Thing {'?
[WARNING] /tmp/dspace-backend-package-2beaws0r/dspace-backend-java-offline/dspace-backend/dspace-services/src/test/java/org/dspace/utils/servicemanager/ProviderStackTest.java:[204,11] [UnusedVariable] This assignment to the local variable 'p5' is never read.
    (see https://errorprone.info/bugpattern/UnusedVariable)
  Did you mean to remove this line?
[WARNING] /tmp/dspace-backend-package-2beaws0r/dspace-backend-java-offline/dspace-backend/dspace-services/src/test/java/org/dspace/utils/servicemanager/ProviderStackTest.java:[38,11] [ClassCanBeStatic] Inner class is non-static but does not reference enclosing class
    (see https://errorprone.info/bugpattern/ClassCanBeStatic)
  Did you mean 'public static class UnorderedProvider implements Provider {'?
[WARNING] /tmp/dspace-backend-package-2beaws0r/dspace-backend-java-offline/dspace-backend/dspace-services/src/test/java/org/dspace/utils/servicemanager/ProviderStackTest.java:[73,25] [MissingOverride] getServiceByName implements method in ServiceManager; expected @Override
    (see https://errorprone.info/bugpattern/MissingOverride)
  Did you mean '@Override public <T> T getServiceByName(String name, Class<T> type) {'?
[WARNING] /tmp/dspace-backend-package-2beaws0r/dspace-backend-java-offline/dspace-backend/dspace-services/src/test/java/org/dspace/utils/servicemanager/ProviderStackTest.java:[77,50] [MissingOverride] getApplicationContext implements method in ServiceManager; expected @Override
    (see https://errorprone.info/bugpattern/MissingOverride)
  Did you mean '@Override public ConfigurableApplicationContext getApplicationContext() {'?
[WARNING] /tmp/dspace-backend-package-2beaws0r/dspace-backend-java-offline/dspace-backend/dspace-services/src/test/java/org/dspace/utils/servicemanager/ProviderStackTest.java:[81,31] [MissingOverride] getServicesByType implements method in ServiceManager; expected @Override
    (see https://errorprone.info/bugpattern/MissingOverride)
  Did you mean '@Override public <T> List<T> getServicesByType(Class<T> type) {'?
[WARNING] /tmp/dspace-backend-package-2beaws0r/dspace-backend-java-offline/dspace-backend/dspace-services/src/test/java/org/dspace/utils/servicemanager/ProviderStackTest.java:[85,32] [MissingOverride] getServicesNames implements method in ServiceManager; expected @Override
    (see https://errorprone.info/bugpattern/MissingOverride)
  Did you mean '@Override public List<String> getServicesNames() {'?
[WARNING] /tmp/dspace-backend-package-2beaws0r/dspace-backend-java-offline/dspace-backend/dspace-services/src/test/java/org/dspace/utils/servicemanager/ProviderStackTest.java:[89,27] [MissingOverride] isServiceExists implements method in ServiceManager; expected @Override
    (see https://errorprone.info/bugpattern/MissingOverride)
  Did you mean '@Override public boolean isServiceExists(String name) {'?
[WARNING] /tmp/dspace-backend-package-2beaws0r/dspace-backend-java-offline/dspace-backend/dspace-services/src/test/java/org/dspace/utils/servicemanager/ProviderStackTest.java:[93,24] [MissingOverride] pushConfig implements method in ServiceManager; expected @Override
    (see https://errorprone.info/bugpattern/MissingOverride)
  Did you mean '@Override public void pushConfig(Map<String, Object> settings) {'?
[WARNING] /tmp/dspace-backend-package-2beaws0r/dspace-backend-java-offline/dspace-backend/dspace-services/src/test/java/org/dspace/utils/servicemanager/ProviderStackTest.java:[96,24] [MissingOverride] registerService implements method in ServiceManager; expected @Override
    (see https://errorprone.info/bugpattern/MissingOverride)
  Did you mean '@Override public void registerService(String name, Object service) {'?
[WARNING] /tmp/dspace-backend-package-2beaws0r/dspace-backend-java-offline/dspace-backend/dspace-services/src/test/java/org/dspace/utils/servicemanager/ProviderStackTest.java:[104,25] [MissingOverride] registerServiceClass implements method in ServiceManager; expected @Override
    (see https://errorprone.info/bugpattern/MissingOverride)
  Did you mean '@Override public <T> T registerServiceClass(String name, Class<T> type) {'?
[WARNING] /tmp/dspace-backend-package-2beaws0r/dspace-backend-java-offline/dspace-backend/dspace-services/src/test/java/org/dspace/utils/servicemanager/ProviderStackTest.java:[108,24] [MissingOverride] unregisterService implements method in ServiceManager; expected @Override
    (see https://errorprone.info/bugpattern/MissingOverride)
  Did you mean '@Override public void unregisterService(String name) {'?
[WARNING] /tmp/dspace-backend-package-2beaws0r/dspace-backend-java-offline/dspace-backend/dspace-services/src/test/java/org/dspace/utils/servicemanager/ProviderStackTest.java:[112,22] [ObjectToString] ProviderStack<Provider> is final and does not override Object.toString, so converting it to a string will print its identity (e.g. `ProviderStack@4488aabb`) instead of useful information.
    (see https://errorprone.info/bugpattern/ObjectToString)
[WARNING] /tmp/dspace-backend-package-2beaws0r/dspace-backend-java-offline/dspace-backend/dspace-services/src/test/java/org/dspace/utils/servicemanager/ProviderStackTest.java:[131,22] [ObjectToString] ProviderStack<Provider> is final and does not override Object.toString, so converting it to a string will print its identity (e.g. `ProviderStack@4488aabb`) instead of useful information.
    (see https://errorprone.info/bugpattern/ObjectToString)
[WARNING] /tmp/dspace-backend-package-2beaws0r/dspace-backend-java-offline/dspace-backend/dspace-services/src/test/java/org/dspace/utils/servicemanager/ProviderStackTest.java:[157,22] [ObjectToString] ProviderStack<Provider> is final and does not override Object.toString, so converting it to a string will print its identity (e.g. `ProviderStack@4488aabb`) instead of useful information.
    (see https://errorprone.info/bugpattern/ObjectToString)
[WARNING] /tmp/dspace-backend-package-2beaws0r/dspace-backend-java-offline/dspace-backend/dspace-services/src/test/java/org/dspace/utils/servicemanager/ProviderStackTest.java:[221,22] [ObjectToString] ProviderStack<Provider> is final and does not override Object.toString, so converting it to a string will print its identity (e.g. `ProviderStack@4488aabb`) instead of useful information.
    (see https://errorprone.info/bugpattern/ObjectToString)
[WARNING] /tmp/dspace-backend-package-2beaws0r/dspace-backend-java-offline/dspace-backend/dspace-services/src/test/java/org/dspace/utils/servicemanager/ProviderStackTest.java:[251,22] [ObjectToString] ProviderStack<Provider> is final and does not override Object.toString, so converting it to a string will print its identity (e.g. `ProviderStack@4488aabb`) instead of useful information.
    (see https://errorprone.info/bugpattern/ObjectToString)
[WARNING] /tmp/dspace-backend-package-2beaws0r/dspace-backend-java-offline/dspace-backend/dspace-services/src/test/java/org/dspace/utils/servicemanager/ProviderStackTest.java:[281,22] [ObjectToString] ProviderStack<Provider> is final and does not override Object.toString, so converting it to a string will print its identity (e.g. `ProviderStack@4488aabb`) instead of useful information.
    (see https://errorprone.info/bugpattern/ObjectToString)
[WARNING] /tmp/dspace-backend-package-2beaws0r/dspace-backend-java-offline/dspace-backend/dspace-services/src/test/java/org/dspace/utils/servicemanager/ProviderStackTest.java:[318,22] [ObjectToString] ProviderStack<Provider> is final and does not override Object.toString, so converting it to a string will print its identity (e.g. `ProviderStack@4488aabb`) instead of useful information.
    (see https://errorprone.info/bugpattern/ObjectToString)
[WARNING] /tmp/dspace-backend-package-2beaws0r/dspace-backend-java-offline/dspace-backend/dspace-services/src/test/java/org/dspace/utils/servicemanager/ProviderStackTest.java:[346,22] [ObjectToString] ProviderStack<Provider> is final and does not override Object.toString, so converting it to a string will print its identity (e.g. `ProviderStack@4488aabb`) instead of useful information.
    (see https://errorprone.info/bugpattern/ObjectToString)
[WARNING] /tmp/dspace-backend-package-2beaws0r/dspace-backend-java-offline/dspace-backend/dspace-services/src/test/java/org/dspace/utils/servicemanager/ProviderStackTest.java:[365,22] [ObjectToString] ProviderStack<Provider> is final and does not override Object.toString, so converting it to a string will print its identity (e.g. `ProviderStack@4488aabb`) instead of useful information.
    (see https://errorprone.info/bugpattern/ObjectToString)
[WARNING] /tmp/dspace-backend-package-2beaws0r/dspace-backend-java-offline/dspace-backend/dspace-services/src/test/java/org/dspace/utils/servicemanager/ProviderStackTest.java:[369,22] [ObjectToString] ProviderStack<Provider> is final and does not override Object.toString, so converting it to a string will print its identity (e.g. `ProviderStack@4488aabb`) instead of useful information.
    (see https://errorprone.info/bugpattern/ObjectToString)
[WARNING] /tmp/dspace-backend-package-2beaws0r/dspace-backend-java-offline/dspace-backend/dspace-services/src/test/java/org/dspace/utils/servicemanager/ProviderStackTest.java:[390,22] [ObjectToString] ProviderStack<Provider> is final and does not override Object.toString, so converting it to a string will print its identity (e.g. `ProviderStack@4488aabb`) instead of useful information.
    (see https://errorprone.info/bugpattern/ObjectToString)
[INFO] 
[INFO] --- surefire:2.22.2:test (default-test) @ dspace-services ---
[INFO] Tests are skipped.
[INFO] 
[INFO] --- jar:3.5.0:jar (default-jar) @ dspace-services ---
[INFO] Building jar: /tmp/dspace-backend-package-2beaws0r/dspace-backend-java-offline/dspace-backend/dspace-services/target/dspace-services-7.6.7.jar
[INFO] 
[INFO] -----------------------< org.dspace:dspace-api >------------------------
[INFO] Building DSpace Kernel :: API and Implementation 7.6.7            [3/13]
[INFO]   from dspace-api/pom.xml
[INFO] --------------------------------[ jar ]---------------------------------
[INFO] 
[INFO] --- buildnumber:3.3.0:create (default) @ dspace-api ---
[INFO] maven is executed in offline mode, Updating project files from SCM: skipped.
[WARNING] Cannot get the revision information from the scm repository, proceeding with revision of UNKNOWN_REVISION : 
Exception while executing SCM command.
[INFO] Storing buildNumber: UNKNOWN_REVISION at timestamp: 1788855001531
[WARNING] Cannot get the branch information from the git repository: 
Detecting the current branch failed: fatal: not a git repository (or any parent up to mount point /)
Stopping at filesystem boundary (GIT_DISCOVERY_ACROSS_FILESYSTEM not set).

[WARNING] Cannot get the branch information from the scm repository, proceeding with UNKNOWN_BRANCH : 
Exception while executing SCM command.
[INFO] Storing scmBranch: UNKNOWN_BRANCH
[INFO] 
[INFO] --- enforcer:3.6.2:enforce (enforce-java) @ dspace-api ---
[INFO] 
[INFO] --- enforcer:3.6.2:enforce (enforce-versions) @ dspace-api ---
[INFO] Rule 0: org.apache.maven.enforcer.rules.dependency.DependencyConvergence passed
[INFO] 
[INFO] --- enforcer:3.6.2:enforce (ban-dependencies) @ dspace-api ---
[INFO] Rule 0: org.apache.maven.enforcer.rules.dependency.BannedDependencies passed
[INFO] 
[INFO] --- groovy:2.1.1:execute (setproperty) @ dspace-api ---
WARNING: An illegal reflective access operation has occurred
WARNING: Illegal reflective access by org.codehaus.groovy.reflection.CachedClass (file:/tmp/dspace-backend-package-2beaws0r/dspace-backend-java-offline/offline/maven-repository/org/codehaus/groovy/groovy-all/2.4.9/groovy-all-2.4.9.jar) to method java.lang.Object.finalize()
WARNING: Please consider reporting this to the maintainers of org.codehaus.groovy.reflection.CachedClass
WARNING: Use --illegal-access=warn to enable warnings of further illegal reflective access operations
WARNING: All illegal access operations will be denied in a future release
[INFO] Initializing Maven property 'agnostic.build.dir' to: /tmp/dspace-backend-package-2beaws0r/dspace-backend-java-offline/dspace-backend/dspace-api/target
[INFO] 
[INFO] --- jaxb2:2.5.0:xjc (workflow-curation) @ dspace-api ---
[INFO] Created EpisodePath [/tmp/dspace-backend-package-2beaws0r/dspace-backend-java-offline/dspace-backend/dspace-api/target/generated-sources/jaxb/META-INF/JAXB]: true
[INFO] Ignored given or default xjbSources [/tmp/dspace-backend-package-2beaws0r/dspace-backend-java-offline/dspace-backend/dspace-api/src/main/xjb], since it is not an existent file or directory.
[INFO] Created EpisodePath [/tmp/dspace-backend-package-2beaws0r/dspace-backend-java-offline/dspace-backend/dspace-api/target/generated-sources/jaxb/META-INF/JAXB]: true
[INFO] 
[INFO] --- resources:3.5.0:resources (default-resources) @ dspace-api ---
[INFO] Copying 2 resources from src/main/resources to target/classes
[INFO] Copying 144 resources from src/main/resources to target/classes
[INFO] Copying 1 resource from target/generated-sources/jaxb to target/classes
[INFO] Copying 1 resource from target/generated-sources/jaxb to target/classes
[INFO] The encoding used to copy filtered properties files has not been set. This means that the same encoding will be used to copy filtered properties files as when copying other filtered resources. This might not be what you want! Run your build with --debug to see which files might be affected. Read more at https://maven.apache.org/plugins/maven-resources-plugin/examples/filtering-properties-files.html
[INFO] 
[INFO] --- compiler:3.15.0:compile (default-compile) @ dspace-api ---
[INFO] Recompiling the module because of changed dependency.
[INFO] Compiling 1412 source files with javac [forked debug deprecation release 11] to target/classes
[WARNING] /tmp/dspace-backend-package-2beaws0r/dspace-backend-java-offline/dspace-backend/dspace-api/src/main/java/org/dspace/core/Context.java:[745,19] [deprecation] finalize() in Object has been deprecated
[WARNING] /tmp/dspace-backend-package-2beaws0r/dspace-backend-java-offline/dspace-backend/dspace-api/src/main/java/org/dspace/core/Context.java:[754,13] [deprecation] finalize() in Object has been deprecated
[WARNING] /tmp/dspace-backend-package-2beaws0r/dspace-backend-java-offline/dspace-backend/dspace-api/src/main/java/org/dspace/eperson/EPerson.java:[146,24] [deprecation] equals(CharSequence,CharSequence) in StringUtils has been deprecated
[WARNING] /tmp/dspace-backend-package-2beaws0r/dspace-backend-java-offline/dspace-backend/dspace-api/src/main/java/org/dspace/eperson/EPerson.java:[149,24] [deprecation] equals(CharSequence,CharSequence) in StringUtils has been deprecated
[WARNING] /tmp/dspace-backend-package-2beaws0r/dspace-backend-java-offline/dspace-backend/dspace-api/src/main/java/org/dspace/content/MetadataValue.java:[147,23] [deprecation] equals(CharSequence,CharSequence) in StringUtils has been deprecated
[WARNING] /tmp/dspace-backend-package-2beaws0r/dspace-backend-java-offline/dspace-backend/dspace-api/src/main/java/org/dspace/eperson/Group.java:[206,24] [deprecation] equals(CharSequence,CharSequence) in StringUtils has been deprecated
[WARNING] /tmp/dspace-backend-package-2beaws0r/dspace-backend-java-offline/dspace-backend/dspace-api/src/main/java/org/dspace/content/EntityType.java:[107,26] [deprecation] equals(CharSequence,CharSequence) in StringUtils has been deprecated
[WARNING] /tmp/dspace-backend-package-2beaws0r/dspace-backend-java-offline/dspace-backend/dspace-api/src/main/java/org/dspace/content/BitstreamFormat.java:[82,95] [deprecation] DELETE_ORPHAN in CascadeType has been deprecated
[WARNING] /tmp/dspace-backend-package-2beaws0r/dspace-backend-java-offline/dspace-backend/dspace-api/src/main/java/org/dspace/content/BitstreamFormat.java:[82,95] [deprecation] DELETE_ORPHAN in CascadeType has been deprecated
[WARNING] /tmp/dspace-backend-package-2beaws0r/dspace-backend-java-offline/dspace-backend/dspace-api/src/main/java/org/dspace/content/BitstreamFormat.java:[82,95] [deprecation] DELETE_ORPHAN in CascadeType has been deprecated
[WARNING] /tmp/dspace-backend-package-2beaws0r/dspace-backend-java-offline/dspace-backend/dspace-api/src/main/java/org/dspace/content/BitstreamFormat.java:[82,95] [deprecation] DELETE_ORPHAN in CascadeType has been deprecated
[WARNING] /tmp/dspace-backend-package-2beaws0r/dspace-backend-java-offline/dspace-backend/dspace-api/src/main/java/org/dspace/access/status/DefaultAccessStatusHelper.java:[133,34] [deprecation] equals(CharSequence,CharSequence) in StringUtils has been deprecated
[WARNING] /tmp/dspace-backend-package-2beaws0r/dspace-backend-java-offline/dspace-backend/dspace-api/src/main/java/org/dspace/access/status/DefaultAccessStatusHelper.java:[227,44] [deprecation] equals(CharSequence,CharSequence) in StringUtils has been deprecated
[WARNING] /tmp/dspace-backend-package-2beaws0r/dspace-backend-java-offline/dspace-backend/dspace-api/src/main/java/org/dspace/administer/CommunityFiliator.java:[74,12] [deprecation] HelpFormatter in org.apache.commons.cli has been deprecated
[WARNING] /tmp/dspace-backend-package-2beaws0r/dspace-backend-java-offline/dspace-backend/dspace-api/src/main/java/org/dspace/administer/CommunityFiliator.java:[74,39] [deprecation] HelpFormatter in org.apache.commons.cli has been deprecated
[WARNING] /tmp/dspace-backend-package-2beaws0r/dspace-backend-java-offline/dspace-backend/dspace-api/src/main/java/org/dspace/administer/CreateAdministrator.java:[103,12] [deprecation] HelpFormatter in org.apache.commons.cli has been deprecated
[WARNING] /tmp/dspace-backend-package-2beaws0r/dspace-backend-java-offline/dspace-backend/dspace-api/src/main/java/org/dspace/administer/CreateAdministrator.java:[103,42] [deprecation] HelpFormatter in org.apache.commons.cli has been deprecated
[WARNING] /tmp/dspace-backend-package-2beaws0r/dspace-backend-java-offline/dspace-backend/dspace-api/src/main/java/org/dspace/scripts/configuration/ScriptConfiguration.java:[117,104] [deprecation] build() in Builder has been deprecated
[WARNING] /tmp/dspace-backend-package-2beaws0r/dspace-backend-java-offline/dspace-backend/dspace-api/src/main/java/org/dspace/scripts/DSpaceCommandLineParameter.java:[109,26] [deprecation] equals(CharSequence,CharSequence) in StringUtils has been deprecated
[WARNING] /tmp/dspace-backend-package-2beaws0r/dspace-backend-java-offline/dspace-backend/dspace-api/src/main/java/org/dspace/scripts/DSpaceCommandLineParameter.java:[110,12] [deprecation] equals(CharSequence,CharSequence) in StringUtils has been deprecated
[WARNING] /tmp/dspace-backend-package-2beaws0r/dspace-backend-java-offline/dspace-backend/dspace-api/src/main/java/org/dspace/administer/RegistryLoader.java:[160,8] [deprecation] HelpFormatter in org.apache.commons.cli has been deprecated
[WARNING] /tmp/dspace-backend-package-2beaws0r/dspace-backend-java-offline/dspace-backend/dspace-api/src/main/java/org/dspace/administer/RegistryLoader.java:[160,38] [deprecation] HelpFormatter in org.apache.commons.cli has been deprecated
[WARNING] /tmp/dspace-backend-package-2beaws0r/dspace-backend-java-offline/dspace-backend/dspace-api/src/main/java/org/dspace/administer/StructBuilder.java:[162,55] [deprecation] build() in Builder has been deprecated
[WARNING] /tmp/dspace-backend-package-2beaws0r/dspace-backend-java-offline/dspace-backend/dspace-api/src/main/java/org/dspace/administer/StructBuilder.java:[166,42] [deprecation] build() in Builder has been deprecated
[WARNING] /tmp/dspace-backend-package-2beaws0r/dspace-backend-java-offline/dspace-backend/dspace-api/src/main/java/org/dspace/administer/StructBuilder.java:[170,54] [deprecation] build() in Builder has been deprecated
[WARNING] /tmp/dspace-backend-package-2beaws0r/dspace-backend-java-offline/dspace-backend/dspace-api/src/main/java/org/dspace/administer/StructBuilder.java:[464,8] [deprecation] HelpFormatter in org.apache.commons.cli has been deprecated
[WARNING] /tmp/dspace-backend-package-2beaws0r/dspace-backend-java-offline/dspace-backend/dspace-api/src/main/java/org/dspace/administer/StructBuilder.java:[464,35] [deprecation] HelpFormatter in org.apache.commons.cli has been deprecated
[WARNING] /tmp/dspace-backend-package-2beaws0r/dspace-backend-java-offline/dspace-backend/dspace-api/src/main/java/org/dspace/administer/StructBuilder.java:[475,8] [deprecation] HelpFormatter in org.apache.commons.cli has been deprecated
[WARNING] /tmp/dspace-backend-package-2beaws0r/dspace-backend-java-offline/dspace-backend/dspace-api/src/main/java/org/dspace/administer/StructBuilder.java:[475,38] [deprecation] HelpFormatter in org.apache.commons.cli has been deprecated
[WARNING] /tmp/dspace-backend-package-2beaws0r/dspace-backend-java-offline/dspace-backend/dspace-api/src/main/java/org/dspace/core/AbstractHibernateDAO.java:[312,24] [deprecation] finalize() in Object has been deprecated
[WARNING] /tmp/dspace-backend-package-2beaws0r/dspace-backend-java-offline/dspace-backend/dspace-api/src/main/java/org/dspace/app/bulkaccesscontrol/BulkAccessControl.java:[239,32] [deprecation] equalsAny(CharSequence,CharSequence...) in StringUtils has been deprecated
[WARNING] /tmp/dspace-backend-package-2beaws0r/dspace-backend-java-offline/dspace-backend/dspace-api/src/main/java/org/dspace/app/bulkaccesscontrol/BulkAccessControl.java:[272,32] [deprecation] equalsAny(CharSequence,CharSequence...) in StringUtils has been deprecated
[WARNING] /tmp/dspace-backend-package-2beaws0r/dspace-backend-java-offline/dspace-backend/dspace-api/src/main/java/org/dspace/app/bulkaccesscontrol/BulkAccessControl.java:[397,44] non-varargs call of varargs method with inexact argument type for last parameter;
  cast to Object for a varargs call
  cast to Object[] for a non-varargs call and to suppress this warning
[WARNING] /tmp/dspace-backend-package-2beaws0r/dspace-backend-java-offline/dspace-backend/dspace-api/src/main/java/org/dspace/discovery/indexobject/ItemIndexFactoryImpl.java:[224,35] [deprecation] equalsIgnoreCase(CharSequence,CharSequence) in StringUtils has been deprecated
[WARNING] /tmp/dspace-backend-package-2beaws0r/dspace-backend-java-offline/dspace-backend/dspace-api/src/main/java/org/dspace/discovery/SolrServiceImpl.java:[351,47] [deprecation] equals(CharSequence,CharSequence) in StringUtils has been deprecated
[WARNING] /tmp/dspace-backend-package-2beaws0r/dspace-backend-java-offline/dspace-backend/dspace-api/src/main/java/org/dspace/discovery/SolrServiceImpl.java:[1427,70] [deprecation] Transformer in org.apache.commons.collections4 has been deprecated
[WARNING] /tmp/dspace-backend-package-2beaws0r/dspace-backend-java-offline/dspace-backend/dspace-api/src/main/java/org/dspace/discovery/SolrServiceImpl.java:[1464,23] [deprecation] equalsIgnoreCase(CharSequence,CharSequence) in StringUtils has been deprecated
[WARNING] /tmp/dspace-backend-package-2beaws0r/dspace-backend-java-offline/dspace-backend/dspace-api/src/main/java/org/dspace/discovery/SolrServiceImpl.java:[1466,30] [deprecation] equals(CharSequence,CharSequence) in StringUtils has been deprecated
[WARNING] /tmp/dspace-backend-package-2beaws0r/dspace-backend-java-offline/dspace-backend/dspace-api/src/main/java/org/dspace/discovery/configuration/DiscoveryConfiguration.java:[127,27] [deprecation] equals(CharSequence,CharSequence) in StringUtils has been deprecated
[WARNING] /tmp/dspace-backend-package-2beaws0r/dspace-backend-java-offline/dspace-backend/dspace-api/src/main/java/org/dspace/discovery/configuration/DiscoveryConfiguration.java:[219,27] [deprecation] equals(CharSequence,CharSequence) in StringUtils has been deprecated
[WARNING] /tmp/dspace-backend-package-2beaws0r/dspace-backend-java-offline/dspace-backend/dspace-api/src/main/java/org/dspace/discovery/configuration/DiscoverySortConfiguration.java:[52,23] [deprecation] equalsIgnoreCase(CharSequence,CharSequence) in StringUtils has been deprecated
[WARNING] /tmp/dspace-backend-package-2beaws0r/dspace-backend-java-offline/dspace-backend/dspace-api/src/main/java/org/dspace/discovery/configuration/DiscoverySortConfiguration.java:[59,27] [deprecation] equals(CharSequence,CharSequence) in StringUtils has been deprecated
[WARNING] /tmp/dspace-backend-package-2beaws0r/dspace-backend-java-offline/dspace-backend/dspace-api/src/main/java/org/dspace/discovery/indexobject/factory/IndexObjectFactoryFactory.java:[71,27] [deprecation] equalsIgnoreCase(CharSequence,CharSequence) in StringUtils has been deprecated
[WARNING] /tmp/dspace-backend-package-2beaws0r/dspace-backend-java-offline/dspace-backend/dspace-api/src/main/java/org/dspace/sort/SortOption.java:[314,27] [deprecation] equals(CharSequence,CharSequence) in StringUtils has been deprecated
[WARNING] /tmp/dspace-backend-package-2beaws0r/dspace-backend-java-offline/dspace-backend/dspace-api/src/main/java/org/dspace/discovery/FullTextContentStreams.java:[76,27] [deprecation] equals(CharSequence,CharSequence) in StringUtils has been deprecated
[WARNING] /tmp/dspace-backend-package-2beaws0r/dspace-backend-java-offline/dspace-backend/dspace-api/src/main/java/org/dspace/app/bulkedit/DSpaceCSV.java:[179,35] [deprecation] startsWith(CharSequence,CharSequence) in StringUtils has been deprecated
[WARNING] /tmp/dspace-backend-package-2beaws0r/dspace-backend-java-offline/dspace-backend/dspace-api/src/main/java/org/dspace/app/bulkedit/DSpaceCSV.java:[216,36] [deprecation] equals(CharSequence,CharSequence) in StringUtils has been deprecated
[WARNING] /tmp/dspace-backend-package-2beaws0r/dspace-backend-java-offline/dspace-backend/dspace-api/src/main/java/org/dspace/app/bulkedit/MetadataExportSearch.java:[178,29] [deprecation] build() in Builder has been deprecated
[WARNING] /tmp/dspace-backend-package-2beaws0r/dspace-backend-java-offline/dspace-backend/dspace-api/src/main/java/org/dspace/discovery/utils/DiscoverQueryBuilder.java:[367,27] [deprecation] equalsIgnoreCase(CharSequence,CharSequence) in StringUtils has been deprecated
[WARNING] /tmp/dspace-backend-package-2beaws0r/dspace-backend-java-offline/dspace-backend/dspace-api/src/main/java/org/dspace/discovery/utils/parameter/QueryBuilderSearchFilter.java:[53,28] [deprecation] equals(CharSequence,CharSequence) in StringUtils has been deprecated
[WARNING] /tmp/dspace-backend-package-2beaws0r/dspace-backend-java-offline/dspace-backend/dspace-api/src/main/java/org/dspace/discovery/utils/parameter/QueryBuilderSearchFilter.java:[56,28] [deprecation] equals(CharSequence,CharSequence) in StringUtils has been deprecated
[WARNING] /tmp/dspace-backend-package-2beaws0r/dspace-backend-java-offline/dspace-backend/dspace-api/src/main/java/org/dspace/discovery/utils/parameter/QueryBuilderSearchFilter.java:[59,28] [deprecation] equals(CharSequence,CharSequence) in StringUtils has been deprecated
[WARNING] /tmp/dspace-backend-package-2beaws0r/dspace-backend-java-offline/dspace-backend/dspace-api/src/main/java/org/dspace/app/bulkedit/MetadataImport.java:[564,40] [deprecation] equals(CharSequence,CharSequence) in StringUtils has been deprecated
[WARNING] /tmp/dspace-backend-package-2beaws0r/dspace-backend-java-offline/dspace-backend/dspace-api/src/main/java/org/dspace/app/bulkedit/MetadataImport.java:[576,39] [deprecation] equals(CharSequence,CharSequence) in StringUtils has been deprecated
[WARNING] /tmp/dspace-backend-package-2beaws0r/dspace-backend-java-offline/dspace-backend/dspace-api/src/main/java/org/dspace/app/bulkedit/MetadataImport.java:[825,27] [deprecation] equals(CharSequence,CharSequence) in StringUtils has been deprecated
[WARNING] /tmp/dspace-backend-package-2beaws0r/dspace-backend-java-offline/dspace-backend/dspace-api/src/main/java/org/dspace/app/bulkedit/MetadataImport.java:[1723,62] [deprecation] remove(String,String) in StringUtils has been deprecated
[WARNING] /tmp/dspace-backend-package-2beaws0r/dspace-backend-java-offline/dspace-backend/dspace-api/src/main/java/org/dspace/app/checker/ChecksumChecker.java:[110,16] [deprecation] build() in Builder has been deprecated
[WARNING] /tmp/dspace-backend-package-2beaws0r/dspace-backend-java-offline/dspace-backend/dspace-api/src/main/java/org/dspace/app/checker/ChecksumChecker.java:[117,16] [deprecation] build() in Builder has been deprecated
[WARNING] /tmp/dspace-backend-package-2beaws0r/dspace-backend-java-offline/dspace-backend/dspace-api/src/main/java/org/dspace/app/checker/ChecksumChecker.java:[242,8] [deprecation] HelpFormatter in org.apache.commons.cli has been deprecated
[WARNING] /tmp/dspace-backend-package-2beaws0r/dspace-backend-java-offline/dspace-backend/dspace-api/src/main/java/org/dspace/app/checker/ChecksumChecker.java:[242,35] [deprecation] HelpFormatter in org.apache.commons.cli has been deprecated
[WARNING] /tmp/dspace-backend-package-2beaws0r/dspace-backend-java-offline/dspace-backend/dspace-api/src/main/java/org/dspace/app/client/DSpaceProxyRoutePlanner.java:[67,48] [deprecation] removeStart(String,String) in StringUtils has been deprecated
[WARNING] /tmp/dspace-backend-package-2beaws0r/dspace-backend-java-offline/dspace-backend/dspace-api/src/main/java/org/dspace/app/client/DSpaceProxyRoutePlanner.java:[69,50] [deprecation] removeEnd(String,String) in StringUtils has been deprecated
[WARNING] /tmp/dspace-backend-package-2beaws0r/dspace-backend-java-offline/dspace-backend/dspace-api/src/main/java/org/dspace/app/itemexport/ItemExportScriptConfiguration.java:[39,36] [deprecation] build() in Builder has been deprecated
[WARNING] /tmp/dspace-backend-package-2beaws0r/dspace-backend-java-offline/dspace-backend/dspace-api/src/main/java/org/dspace/app/itemexport/ItemExportScriptConfiguration.java:[42,36] [deprecation] build() in Builder has been deprecated
[WARNING] /tmp/dspace-backend-package-2beaws0r/dspace-backend-java-offline/dspace-backend/dspace-api/src/main/java/org/dspace/app/itemexport/ItemExportScriptConfiguration.java:[45,41] [deprecation] build() in Builder has been deprecated
[WARNING] /tmp/dspace-backend-package-2beaws0r/dspace-backend-java-offline/dspace-backend/dspace-api/src/main/java/org/dspace/app/itemexport/ItemExportScriptConfiguration.java:[48,46] [deprecation] build() in Builder has been deprecated
[WARNING] /tmp/dspace-backend-package-2beaws0r/dspace-backend-java-offline/dspace-backend/dspace-api/src/main/java/org/dspace/app/itemexport/ItemExportScriptConfiguration.java:[54,46] [deprecation] build() in Builder has been deprecated
[WARNING] /tmp/dspace-backend-package-2beaws0r/dspace-backend-java-offline/dspace-backend/dspace-api/src/main/java/org/dspace/app/itemexport/ItemExportScriptConfiguration.java:[58,46] [deprecation] build() in Builder has been deprecated
[WARNING] /tmp/dspace-backend-package-2beaws0r/dspace-backend-java-offline/dspace-backend/dspace-api/src/main/java/org/dspace/app/itemexport/ItemExportCLIScriptConfiguration.java:[27,36] [deprecation] build() in Builder has been deprecated
[WARNING] /tmp/dspace-backend-package-2beaws0r/dspace-backend-java-offline/dspace-backend/dspace-api/src/main/java/org/dspace/app/itemexport/ItemExportCLIScriptConfiguration.java:[30,36] [deprecation] build() in Builder has been deprecated
[WARNING] /tmp/dspace-backend-package-2beaws0r/dspace-backend-java-offline/dspace-backend/dspace-api/src/main/java/org/dspace/app/itemexport/ItemExportCLIScriptConfiguration.java:[33,36] [deprecation] build() in Builder has been deprecated
[WARNING] /tmp/dspace-backend-package-2beaws0r/dspace-backend-java-offline/dspace-backend/dspace-api/src/main/java/org/dspace/app/itemexport/ItemExportCLIScriptConfiguration.java:[36,36] [deprecation] build() in Builder has been deprecated
[WARNING] /tmp/dspace-backend-package-2beaws0r/dspace-backend-java-offline/dspace-backend/dspace-api/src/main/java/org/dspace/app/itemexport/ItemExportCLIScriptConfiguration.java:[39,41] [deprecation] build() in Builder has been deprecated
[WARNING] /tmp/dspace-backend-package-2beaws0r/dspace-backend-java-offline/dspace-backend/dspace-api/src/main/java/org/dspace/app/itemexport/ItemExportCLIScriptConfiguration.java:[42,46] [deprecation] build() in Builder has been deprecated
[WARNING] /tmp/dspace-backend-package-2beaws0r/dspace-backend-java-offline/dspace-backend/dspace-api/src/main/java/org/dspace/app/itemexport/ItemExportCLIScriptConfiguration.java:[48,46] [deprecation] build() in Builder has been deprecated
[WARNING] /tmp/dspace-backend-package-2beaws0r/dspace-backend-java-offline/dspace-backend/dspace-api/src/main/java/org/dspace/app/itemexport/ItemExportCLIScriptConfiguration.java:[52,46] [deprecation] build() in Builder has been deprecated
[WARNING] /tmp/dspace-backend-package-2beaws0r/dspace-backend-java-offline/dspace-backend/dspace-api/src/main/java/org/dspace/app/itemexport/ItemExportServiceImpl.java:[801,26] [deprecation] replace(String,String,String) in StringUtils has been deprecated
[WARNING] /tmp/dspace-backend-package-2beaws0r/dspace-backend-java-offline/dspace-backend/dspace-api/src/main/java/org/dspace/app/itemexport/ItemExportServiceImpl.java:[1064,32] [deprecation] endsWith(CharSequence,CharSequence) in StringUtils has been deprecated
[WARNING] /tmp/dspace-backend-package-2beaws0r/dspace-backend-java-offline/dspace-backend/dspace-api/src/main/java/org/dspace/app/itemimport/ItemImportScriptConfiguration.java:[41,46] [deprecation] build() in Builder has been deprecated
[WARNING] /tmp/dspace-backend-package-2beaws0r/dspace-backend-java-offline/dspace-backend/dspace-api/src/main/java/org/dspace/app/itemimport/ItemImportScriptConfiguration.java:[44,46] [deprecation] build() in Builder has been deprecated
[WARNING] /tmp/dspace-backend-package-2beaws0r/dspace-backend-java-offline/dspace-backend/dspace-api/src/main/java/org/dspace/app/itemimport/ItemImportScriptConfiguration.java:[47,46] [deprecation] build() in Builder has been deprecated
[WARNING] /tmp/dspace-backend-package-2beaws0r/dspace-backend-java-offline/dspace-backend/dspace-api/src/main/java/org/dspace/app/itemimport/ItemImportScriptConfiguration.java:[51,25] [deprecation] build() in Builder has been deprecated
[WARNING] /tmp/dspace-backend-package-2beaws0r/dspace-backend-java-offline/dspace-backend/dspace-api/src/main/java/org/dspace/app/itemimport/ItemImportScriptConfiguration.java:[54,25] [deprecation] build() in Builder has been deprecated
[WARNING] /tmp/dspace-backend-package-2beaws0r/dspace-backend-java-offline/dspace-backend/dspace-api/src/main/java/org/dspace/app/itemimport/ItemImportScriptConfiguration.java:[57,41] [deprecation] build() in Builder has been deprecated
[WARNING] /tmp/dspace-backend-package-2beaws0r/dspace-backend-java-offline/dspace-backend/dspace-api/src/main/java/org/dspace/app/itemimport/ItemImportScriptConfiguration.java:[61,41] [deprecation] build() in Builder has been deprecated
[WARNING] /tmp/dspace-backend-package-2beaws0r/dspace-backend-java-offline/dspace-backend/dspace-api/src/main/java/org/dspace/app/itemimport/ItemImportScriptConfiguration.java:[64,46] [deprecation] build() in Builder has been deprecated
[WARNING] /tmp/dspace-backend-package-2beaws0r/dspace-backend-java-offline/dspace-backend/dspace-api/src/main/java/org/dspace/app/itemimport/ItemImportScriptConfiguration.java:[67,46] [deprecation] build() in Builder has been deprecated
[WARNING] /tmp/dspace-backend-package-2beaws0r/dspace-backend-java-offline/dspace-backend/dspace-api/src/main/java/org/dspace/app/itemimport/ItemImportScriptConfiguration.java:[70,46] [deprecation] build() in Builder has been deprecated
[WARNING] /tmp/dspace-backend-package-2beaws0r/dspace-backend-java-offline/dspace-backend/dspace-api/src/main/java/org/dspace/app/itemimport/ItemImportScriptConfiguration.java:[73,46] [deprecation] build() in Builder has been deprecated
[WARNING] /tmp/dspace-backend-package-2beaws0r/dspace-backend-java-offline/dspace-backend/dspace-api/src/main/java/org/dspace/app/itemimport/ItemImportScriptConfiguration.java:[76,46] [deprecation] build() in Builder has been deprecated
[WARNING] /tmp/dspace-backend-package-2beaws0r/dspace-backend-java-offline/dspace-backend/dspace-api/src/main/java/org/dspace/app/itemimport/ItemImportScriptConfiguration.java:[79,46] [deprecation] build() in Builder has been deprecated
[WARNING] /tmp/dspace-backend-package-2beaws0r/dspace-backend-java-offline/dspace-backend/dspace-api/src/main/java/org/dspace/app/itemimport/ItemImportScriptConfiguration.java:[82,46] [deprecation] build() in Builder has been deprecated
[WARNING] /tmp/dspace-backend-package-2beaws0r/dspace-backend-java-offline/dspace-backend/dspace-api/src/main/java/org/dspace/app/itemimport/ItemImportScriptConfiguration.java:[86,46] [deprecation] build() in Builder has been deprecated
[WARNING] /tmp/dspace-backend-package-2beaws0r/dspace-backend-java-offline/dspace-backend/dspace-api/src/main/java/org/dspace/app/itemimport/ItemImportCLIScriptConfiguration.java:[27,46] [deprecation] build() in Builder has been deprecated
[WARNING] /tmp/dspace-backend-package-2beaws0r/dspace-backend-java-offline/dspace-backend/dspace-api/src/main/java/org/dspace/app/itemimport/ItemImportCLIScriptConfiguration.java:[30,46] [deprecation] build() in Builder has been deprecated
[WARNING] /tmp/dspace-backend-package-2beaws0r/dspace-backend-java-offline/dspace-backend/dspace-api/src/main/java/org/dspace/app/itemimport/ItemImportCLIScriptConfiguration.java:[33,46] [deprecation] build() in Builder has been deprecated
[WARNING] /tmp/dspace-backend-package-2beaws0r/dspace-backend-java-offline/dspace-backend/dspace-api/src/main/java/org/dspace/app/itemimport/ItemImportCLIScriptConfiguration.java:[36,41] [deprecation] build() in Builder has been deprecated
[WARNING] /tmp/dspace-backend-package-2beaws0r/dspace-backend-java-offline/dspace-backend/dspace-api/src/main/java/org/dspace/app/itemimport/ItemImportCLIScriptConfiguration.java:[39,41] [deprecation] build() in Builder has been deprecated
[WARNING] /tmp/dspace-backend-package-2beaws0r/dspace-backend-java-offline/dspace-backend/dspace-api/src/main/java/org/dspace/app/itemimport/ItemImportCLIScriptConfiguration.java:[42,25] [deprecation] build() in Builder has been deprecated
[WARNING] /tmp/dspace-backend-package-2beaws0r/dspace-backend-java-offline/dspace-backend/dspace-api/src/main/java/org/dspace/app/itemimport/ItemImportCLIScriptConfiguration.java:[45,41] [deprecation] build() in Builder has been deprecated
[INFO] 
[INFO] --- resources:3.5.0:testResources (default-testResources) @ dspace-api ---
[INFO] Copying 48 resources from src/test/resources to target/test-classes
[INFO] 
[INFO] --- xml:1.2.1:validate (validate-ALL-xml-and-xsl) @ dspace-api ---
[INFO] 
[INFO] --- compiler:3.15.0:testCompile (default-testCompile) @ dspace-api ---
[INFO] Recompiling the module because of changed dependency.
[INFO] Compiling 244 source files with javac [forked debug deprecation release 11] to target/test-classes
[WARNING] /tmp/dspace-backend-package-2beaws0r/dspace-backend-java-offline/dspace-backend/dspace-api/src/test/java/org/dspace/app/util/ConfigurationIT.java:[14,37] [deprecation] IsArrayContainingInAnyOrder in org.hamcrest.collection has been deprecated
[WARNING] /tmp/dspace-backend-package-2beaws0r/dspace-backend-java-offline/dspace-backend/dspace-api/src/test/java/org/dspace/app/util/ConfigurationIT.java:[14,37] [deprecation] IsArrayContainingInAnyOrder in org.hamcrest.collection has been deprecated
[WARNING] /tmp/dspace-backend-package-2beaws0r/dspace-backend-java-offline/dspace-backend/dspace-api/src/test/java/org/dspace/app/util/ConfigurationIT.java:[14,37] [deprecation] IsArrayContainingInAnyOrder in org.hamcrest.collection has been deprecated
[WARNING] /tmp/dspace-backend-package-2beaws0r/dspace-backend-java-offline/dspace-backend/dspace-api/src/test/java/org/dspace/app/bulkedit/MetadataExportIT.java:[44,55] [deprecation] none() in ExpectedException has been deprecated
[WARNING] /tmp/dspace-backend-package-2beaws0r/dspace-backend-java-offline/dspace-backend/dspace-api/src/test/java/org/dspace/app/bulkedit/MetadataExportIT.java:[219,23] [deprecation] contains(CharSequence,CharSequence) in StringUtils has been deprecated
[WARNING] /tmp/dspace-backend-package-2beaws0r/dspace-backend-java-offline/dspace-backend/dspace-api/src/test/java/org/dspace/app/bulkedit/MetadataExportIT.java:[249,23] [deprecation] contains(CharSequence,CharSequence) in StringUtils has been deprecated
[WARNING] /tmp/dspace-backend-package-2beaws0r/dspace-backend-java-offline/dspace-backend/dspace-api/src/test/java/org/dspace/app/bulkedit/MetadataExportIT.java:[251,23] [deprecation] contains(CharSequence,CharSequence) in StringUtils has been deprecated
[WARNING] /tmp/dspace-backend-package-2beaws0r/dspace-backend-java-offline/dspace-backend/dspace-api/src/test/java/org/dspace/app/bulkedit/MetadataImportIT.java:[115,23] [deprecation] equals(CharSequence,CharSequence) in StringUtils has been deprecated
[WARNING] /tmp/dspace-backend-package-2beaws0r/dspace-backend-java-offline/dspace-backend/dspace-api/src/test/java/org/dspace/app/bulkedit/MetadataImportIT.java:[132,30] [deprecation] equals(CharSequence,CharSequence) in StringUtils has been deprecated
[WARNING] /tmp/dspace-backend-package-2beaws0r/dspace-backend-java-offline/dspace-backend/dspace-api/src/test/java/org/dspace/app/bulkedit/MetadataImportIT.java:[134,30] [deprecation] equals(CharSequence,CharSequence) in StringUtils has been deprecated
[WARNING] /tmp/dspace-backend-package-2beaws0r/dspace-backend-java-offline/dspace-backend/dspace-api/src/test/java/org/dspace/app/bulkedit/MetadataImportIT.java:[150,30] [deprecation] equals(CharSequence,CharSequence) in StringUtils has been deprecated
[WARNING] /tmp/dspace-backend-package-2beaws0r/dspace-backend-java-offline/dspace-backend/dspace-api/src/test/java/org/dspace/app/bulkedit/MetadataImportIT.java:[241,23] [deprecation] equals(CharSequence,CharSequence) in StringUtils has been deprecated
[WARNING] /tmp/dspace-backend-package-2beaws0r/dspace-backend-java-offline/dspace-backend/dspace-api/src/test/java/org/dspace/app/bulkedit/MetadataImportIT.java:[259,23] [deprecation] equals(CharSequence,CharSequence) in StringUtils has been deprecated
[WARNING] /tmp/dspace-backend-package-2beaws0r/dspace-backend-java-offline/dspace-backend/dspace-api/src/test/java/org/dspace/app/itemexport/ItemExportCLIIT.java:[338,40] [deprecation] equals(CharSequence,CharSequence) in StringUtils has been deprecated
[WARNING] /tmp/dspace-backend-package-2beaws0r/dspace-backend-java-offline/dspace-backend/dspace-api/src/test/java/org/dspace/app/mediafilter/MediaFilterIT.java:[195,45] [deprecation] endsWith(CharSequence,CharSequence) in StringUtils has been deprecated
[WARNING] /tmp/dspace-backend-package-2beaws0r/dspace-backend-java-offline/dspace-backend/dspace-api/src/test/java/org/dspace/app/mediafilter/MediaFilterIT.java:[196,44] [deprecation] endsWith(CharSequence,CharSequence) in StringUtils has been deprecated
[WARNING] /tmp/dspace-backend-package-2beaws0r/dspace-backend-java-offline/dspace-backend/dspace-api/src/test/java/org/dspace/app/mediafilter/MediaFilterIT.java:[203,27] [deprecation] equals(CharSequence,CharSequence) in StringUtils has been deprecated
[WARNING] /tmp/dspace-backend-package-2beaws0r/dspace-backend-java-offline/dspace-backend/dspace-api/src/test/java/org/dspace/app/mediafilter/MediaFilterIT.java:[205,52] [deprecation] contains(CharSequence,CharSequence) in StringUtils has been deprecated
[WARNING] /tmp/dspace-backend-package-2beaws0r/dspace-backend-java-offline/dspace-backend/dspace-api/src/test/java/org/dspace/app/util/ConfigurationIT.java:[140,35] [deprecation] <E>arrayContainingInAnyOrder(E...) in IsArrayContainingInAnyOrder has been deprecated
  where E is a type-variable:
    E extends Object declared in method <E>arrayContainingInAnyOrder(E...)
[WARNING] /tmp/dspace-backend-package-2beaws0r/dspace-backend-java-offline/dspace-backend/dspace-api/src/test/java/org/dspace/content/InstallItemTest.java:[65,55] [deprecation] none() in ExpectedException has been deprecated
[WARNING] /tmp/dspace-backend-package-2beaws0r/dspace-backend-java-offline/dspace-backend/dspace-api/src/test/java/org/dspace/content/RelationshipServiceImplPlaceTest.java:[3323,23] [deprecation] equals(CharSequence,CharSequence) in StringUtils has been deprecated
[WARNING] /tmp/dspace-backend-package-2beaws0r/dspace-backend-java-offline/dspace-backend/dspace-api/src/test/java/org/dspace/content/RelationshipServiceImplPlaceTest.java:[3325,30] [deprecation] equals(CharSequence,CharSequence) in StringUtils has been deprecated
[WARNING] /tmp/dspace-backend-package-2beaws0r/dspace-backend-java-offline/dspace-backend/dspace-api/src/test/java/org/dspace/content/SiteTest.java:[162,27] [deprecation] equalsIgnoreCase(CharSequence,CharSequence) in StringUtils has been deprecated
[WARNING] /tmp/dspace-backend-package-2beaws0r/dspace-backend-java-offline/dspace-backend/dspace-api/src/test/java/org/dspace/discovery/DiscoveryIT.java:[132,16] [deprecation] withWorkflowGroup(int,EPerson...) in CollectionBuilder has been deprecated
[WARNING] /tmp/dspace-backend-package-2beaws0r/dspace-backend-java-offline/dspace-backend/dspace-api/src/test/java/org/dspace/discovery/DiscoveryIT.java:[185,49] [deprecation] withWorkflowGroup(int,EPerson...) in CollectionBuilder has been deprecated
[WARNING] /tmp/dspace-backend-package-2beaws0r/dspace-backend-java-offline/dspace-backend/dspace-api/src/test/java/org/dspace/discovery/utils/DiscoverQueryBuilderTest.java:[199,8] [deprecation] <T>assertThat(T,Matcher<? super T>) in Assert has been deprecated
  where T is a type-variable:
    T extends Object declared in method <T>assertThat(T,Matcher<? super T>)
[WARNING] /tmp/dspace-backend-package-2beaws0r/dspace-backend-java-offline/dspace-backend/dspace-api/src/test/java/org/dspace/discovery/utils/DiscoverQueryBuilderTest.java:[200,8] [deprecation] <T>assertThat(T,Matcher<? super T>) in Assert has been deprecated
  where T is a type-variable:
    T extends Object declared in method <T>assertThat(T,Matcher<? super T>)
[WARNING] /tmp/dspace-backend-package-2beaws0r/dspace-backend-java-offline/dspace-backend/dspace-api/src/test/java/org/dspace/discovery/utils/DiscoverQueryBuilderTest.java:[201,8] [deprecation] <T>assertThat(T,Matcher<? super T>) in Assert has been deprecated
  where T is a type-variable:
    T extends Object declared in method <T>assertThat(T,Matcher<? super T>)
[WARNING] /tmp/dspace-backend-package-2beaws0r/dspace-backend-java-offline/dspace-backend/dspace-api/src/test/java/org/dspace/discovery/utils/DiscoverQueryBuilderTest.java:[202,8] [deprecation] <T>assertThat(T,Matcher<? super T>) in Assert has been deprecated
  where T is a type-variable:
    T extends Object declared in method <T>assertThat(T,Matcher<? super T>)
[WARNING] /tmp/dspace-backend-package-2beaws0r/dspace-backend-java-offline/dspace-backend/dspace-api/src/test/java/org/dspace/discovery/utils/DiscoverQueryBuilderTest.java:[203,8] [deprecation] <T>assertThat(T,Matcher<? super T>) in Assert has been deprecated
  where T is a type-variable:
    T extends Object declared in method <T>assertThat(T,Matcher<? super T>)
[WARNING] /tmp/dspace-backend-package-2beaws0r/dspace-backend-java-offline/dspace-backend/dspace-api/src/test/java/org/dspace/discovery/utils/DiscoverQueryBuilderTest.java:[204,8] [deprecation] <T>assertThat(T,Matcher<? super T>) in Assert has been deprecated
  where T is a type-variable:
    T extends Object declared in method <T>assertThat(T,Matcher<? super T>)
[WARNING] /tmp/dspace-backend-package-2beaws0r/dspace-backend-java-offline/dspace-backend/dspace-api/src/test/java/org/dspace/discovery/utils/DiscoverQueryBuilderTest.java:[205,8] [deprecation] <T>assertThat(T,Matcher<? super T>) in Assert has been deprecated
  where T is a type-variable:
    T extends Object declared in method <T>assertThat(T,Matcher<? super T>)
[WARNING] /tmp/dspace-backend-package-2beaws0r/dspace-backend-java-offline/dspace-backend/dspace-api/src/test/java/org/dspace/discovery/utils/DiscoverQueryBuilderTest.java:[206,8] [deprecation] <T>assertThat(T,Matcher<? super T>) in Assert has been deprecated
  where T is a type-variable:
    T extends Object declared in method <T>assertThat(T,Matcher<? super T>)
[WARNING] /tmp/dspace-backend-package-2beaws0r/dspace-backend-java-offline/dspace-backend/dspace-api/src/test/java/org/dspace/discovery/utils/DiscoverQueryBuilderTest.java:[207,8] [deprecation] <T>assertThat(T,Matcher<? super T>) in Assert has been deprecated
  where T is a type-variable:
    T extends Object declared in method <T>assertThat(T,Matcher<? super T>)
[WARNING] /tmp/dspace-backend-package-2beaws0r/dspace-backend-java-offline/dspace-backend/dspace-api/src/test/java/org/dspace/discovery/utils/DiscoverQueryBuilderTest.java:[208,8] [deprecation] <T>assertThat(T,Matcher<? super T>) in Assert has been deprecated
  where T is a type-variable:
    T extends Object declared in method <T>assertThat(T,Matcher<? super T>)
[WARNING] /tmp/dspace-backend-package-2beaws0r/dspace-backend-java-offline/dspace-backend/dspace-api/src/test/java/org/dspace/discovery/utils/DiscoverQueryBuilderTest.java:[209,8] [deprecation] <T>assertThat(T,Matcher<? super T>) in Assert has been deprecated
  where T is a type-variable:
    T extends Object declared in method <T>assertThat(T,Matcher<? super T>)
[WARNING] /tmp/dspace-backend-package-2beaws0r/dspace-backend-java-offline/dspace-backend/dspace-api/src/test/java/org/dspace/discovery/utils/DiscoverQueryBuilderTest.java:[213,8] [deprecation] <T>assertThat(T,Matcher<? super T>) in Assert has been deprecated
  where T is a type-variable:
    T extends Object declared in method <T>assertThat(T,Matcher<? super T>)
[WARNING] /tmp/dspace-backend-package-2beaws0r/dspace-backend-java-offline/dspace-backend/dspace-api/src/test/java/org/dspace/discovery/utils/DiscoverQueryBuilderTest.java:[214,8] [deprecation] <T>assertThat(T,Matcher<? super T>) in Assert has been deprecated
  where T is a type-variable:
    T extends Object declared in method <T>assertThat(T,Matcher<? super T>)
[WARNING] /tmp/dspace-backend-package-2beaws0r/dspace-backend-java-offline/dspace-backend/dspace-api/src/test/java/org/dspace/discovery/utils/DiscoverQueryBuilderTest.java:[226,8] [deprecation] <T>assertThat(T,Matcher<? super T>) in Assert has been deprecated
  where T is a type-variable:
    T extends Object declared in method <T>assertThat(T,Matcher<? super T>)
[WARNING] /tmp/dspace-backend-package-2beaws0r/dspace-backend-java-offline/dspace-backend/dspace-api/src/test/java/org/dspace/discovery/utils/DiscoverQueryBuilderTest.java:[227,45] [deprecation] isEmptyOrNullString() in Matchers has been deprecated
[WARNING] /tmp/dspace-backend-package-2beaws0r/dspace-backend-java-offline/dspace-backend/dspace-api/src/test/java/org/dspace/discovery/utils/DiscoverQueryBuilderTest.java:[227,8] [deprecation] <T>assertThat(T,Matcher<? super T>) in Assert has been deprecated
  where T is a type-variable:
    T extends Object declared in method <T>assertThat(T,Matcher<? super T>)
[WARNING] /tmp/dspace-backend-package-2beaws0r/dspace-backend-java-offline/dspace-backend/dspace-api/src/test/java/org/dspace/discovery/utils/DiscoverQueryBuilderTest.java:[228,8] [deprecation] <T>assertThat(T,Matcher<? super T>) in Assert has been deprecated
  where T is a type-variable:
    T extends Object declared in method <T>assertThat(T,Matcher<? super T>)
[WARNING] /tmp/dspace-backend-package-2beaws0r/dspace-backend-java-offline/dspace-backend/dspace-api/src/test/java/org/dspace/discovery/utils/DiscoverQueryBuilderTest.java:[231,8] [deprecation] <T>assertThat(T,Matcher<? super T>) in Assert has been deprecated
  where T is a type-variable:
    T extends Object declared in method <T>assertThat(T,Matcher<? super T>)
[WARNING] /tmp/dspace-backend-package-2beaws0r/dspace-backend-java-offline/dspace-backend/dspace-api/src/test/java/org/dspace/discovery/utils/DiscoverQueryBuilderTest.java:[232,8] [deprecation] <T>assertThat(T,Matcher<? super T>) in Assert has been deprecated
  where T is a type-variable:
    T extends Object declared in method <T>assertThat(T,Matcher<? super T>)
[WARNING] /tmp/dspace-backend-package-2beaws0r/dspace-backend-java-offline/dspace-backend/dspace-api/src/test/java/org/dspace/discovery/utils/DiscoverQueryBuilderTest.java:[233,8] [deprecation] <T>assertThat(T,Matcher<? super T>) in Assert has been deprecated
  where T is a type-variable:
    T extends Object declared in method <T>assertThat(T,Matcher<? super T>)
[WARNING] /tmp/dspace-backend-package-2beaws0r/dspace-backend-java-offline/dspace-backend/dspace-api/src/test/java/org/dspace/discovery/utils/DiscoverQueryBuilderTest.java:[234,8] [deprecation] <T>assertThat(T,Matcher<? super T>) in Assert has been deprecated
  where T is a type-variable:
    T extends Object declared in method <T>assertThat(T,Matcher<? super T>)
[WARNING] /tmp/dspace-backend-package-2beaws0r/dspace-backend-java-offline/dspace-backend/dspace-api/src/test/java/org/dspace/discovery/utils/DiscoverQueryBuilderTest.java:[235,8] [deprecation] <T>assertThat(T,Matcher<? super T>) in Assert has been deprecated
  where T is a type-variable:
    T extends Object declared in method <T>assertThat(T,Matcher<? super T>)
[WARNING] /tmp/dspace-backend-package-2beaws0r/dspace-backend-java-offline/dspace-backend/dspace-api/src/test/java/org/dspace/discovery/utils/DiscoverQueryBuilderTest.java:[236,8] [deprecation] <T>assertThat(T,Matcher<? super T>) in Assert has been deprecated
  where T is a type-variable:
    T extends Object declared in method <T>assertThat(T,Matcher<? super T>)
[WARNING] /tmp/dspace-backend-package-2beaws0r/dspace-backend-java-offline/dspace-backend/dspace-api/src/test/java/org/dspace/discovery/utils/DiscoverQueryBuilderTest.java:[237,8] [deprecation] <T>assertThat(T,Matcher<? super T>) in Assert has been deprecated
  where T is a type-variable:
    T extends Object declared in method <T>assertThat(T,Matcher<? super T>)
[WARNING] /tmp/dspace-backend-package-2beaws0r/dspace-backend-java-offline/dspace-backend/dspace-api/src/test/java/org/dspace/discovery/utils/DiscoverQueryBuilderTest.java:[238,8] [deprecation] <T>assertThat(T,Matcher<? super T>) in Assert has been deprecated
  where T is a type-variable:
    T extends Object declared in method <T>assertThat(T,Matcher<? super T>)
[WARNING] /tmp/dspace-backend-package-2beaws0r/dspace-backend-java-offline/dspace-backend/dspace-api/src/test/java/org/dspace/discovery/utils/DiscoverQueryBuilderTest.java:[242,8] [deprecation] <T>assertThat(T,Matcher<? super T>) in Assert has been deprecated
  where T is a type-variable:
    T extends Object declared in method <T>assertThat(T,Matcher<? super T>)
[WARNING] /tmp/dspace-backend-package-2beaws0r/dspace-backend-java-offline/dspace-backend/dspace-api/src/test/java/org/dspace/discovery/utils/DiscoverQueryBuilderTest.java:[243,8] [deprecation] <T>assertThat(T,Matcher<? super T>) in Assert has been deprecated
  where T is a type-variable:
    T extends Object declared in method <T>assertThat(T,Matcher<? super T>)
[WARNING] /tmp/dspace-backend-package-2beaws0r/dspace-backend-java-offline/dspace-backend/dspace-api/src/test/java/org/dspace/discovery/utils/DiscoverQueryBuilderTest.java:[255,8] [deprecation] <T>assertThat(T,Matcher<? super T>) in Assert has been deprecated
  where T is a type-variable:
    T extends Object declared in method <T>assertThat(T,Matcher<? super T>)
[WARNING] /tmp/dspace-backend-package-2beaws0r/dspace-backend-java-offline/dspace-backend/dspace-api/src/test/java/org/dspace/discovery/utils/DiscoverQueryBuilderTest.java:[256,45] [deprecation] isEmptyOrNullString() in Matchers has been deprecated
[WARNING] /tmp/dspace-backend-package-2beaws0r/dspace-backend-java-offline/dspace-backend/dspace-api/src/test/java/org/dspace/discovery/utils/DiscoverQueryBuilderTest.java:[256,8] [deprecation] <T>assertThat(T,Matcher<? super T>) in Assert has been deprecated
  where T is a type-variable:
    T extends Object declared in method <T>assertThat(T,Matcher<? super T>)
[WARNING] /tmp/dspace-backend-package-2beaws0r/dspace-backend-java-offline/dspace-backend/dspace-api/src/test/java/org/dspace/discovery/utils/DiscoverQueryBuilderTest.java:[257,8] [deprecation] <T>assertThat(T,Matcher<? super T>) in Assert has been deprecated
  where T is a type-variable:
    T extends Object declared in method <T>assertThat(T,Matcher<? super T>)
[WARNING] /tmp/dspace-backend-package-2beaws0r/dspace-backend-java-offline/dspace-backend/dspace-api/src/test/java/org/dspace/discovery/utils/DiscoverQueryBuilderTest.java:[260,8] [deprecation] <T>assertThat(T,Matcher<? super T>) in Assert has been deprecated
  where T is a type-variable:
    T extends Object declared in method <T>assertThat(T,Matcher<? super T>)
[WARNING] /tmp/dspace-backend-package-2beaws0r/dspace-backend-java-offline/dspace-backend/dspace-api/src/test/java/org/dspace/discovery/utils/DiscoverQueryBuilderTest.java:[261,8] [deprecation] <T>assertThat(T,Matcher<? super T>) in Assert has been deprecated
  where T is a type-variable:
    T extends Object declared in method <T>assertThat(T,Matcher<? super T>)
[WARNING] /tmp/dspace-backend-package-2beaws0r/dspace-backend-java-offline/dspace-backend/dspace-api/src/test/java/org/dspace/discovery/utils/DiscoverQueryBuilderTest.java:[262,8] [deprecation] <T>assertThat(T,Matcher<? super T>) in Assert has been deprecated
  where T is a type-variable:
    T extends Object declared in method <T>assertThat(T,Matcher<? super T>)
[WARNING] /tmp/dspace-backend-package-2beaws0r/dspace-backend-java-offline/dspace-backend/dspace-api/src/test/java/org/dspace/discovery/utils/DiscoverQueryBuilderTest.java:[263,8] [deprecation] <T>assertThat(T,Matcher<? super T>) in Assert has been deprecated
  where T is a type-variable:
    T extends Object declared in method <T>assertThat(T,Matcher<? super T>)
[WARNING] /tmp/dspace-backend-package-2beaws0r/dspace-backend-java-offline/dspace-backend/dspace-api/src/test/java/org/dspace/discovery/utils/DiscoverQueryBuilderTest.java:[264,8] [deprecation] <T>assertThat(T,Matcher<? super T>) in Assert has been deprecated
  where T is a type-variable:
    T extends Object declared in method <T>assertThat(T,Matcher<? super T>)
[WARNING] /tmp/dspace-backend-package-2beaws0r/dspace-backend-java-offline/dspace-backend/dspace-api/src/test/java/org/dspace/discovery/utils/DiscoverQueryBuilderTest.java:[265,8] [deprecation] <T>assertThat(T,Matcher<? super T>) in Assert has been deprecated
  where T is a type-variable:
    T extends Object declared in method <T>assertThat(T,Matcher<? super T>)
[WARNING] /tmp/dspace-backend-package-2beaws0r/dspace-backend-java-offline/dspace-backend/dspace-api/src/test/java/org/dspace/discovery/utils/DiscoverQueryBuilderTest.java:[266,8] [deprecation] <T>assertThat(T,Matcher<? super T>) in Assert has been deprecated
  where T is a type-variable:
    T extends Object declared in method <T>assertThat(T,Matcher<? super T>)
[WARNING] /tmp/dspace-backend-package-2beaws0r/dspace-backend-java-offline/dspace-backend/dspace-api/src/test/java/org/dspace/discovery/utils/DiscoverQueryBuilderTest.java:[267,8] [deprecation] <T>assertThat(T,Matcher<? super T>) in Assert has been deprecated
  where T is a type-variable:
    T extends Object declared in method <T>assertThat(T,Matcher<? super T>)
[WARNING] /tmp/dspace-backend-package-2beaws0r/dspace-backend-java-offline/dspace-backend/dspace-api/src/test/java/org/dspace/discovery/utils/DiscoverQueryBuilderTest.java:[271,8] [deprecation] <T>assertThat(T,Matcher<? super T>) in Assert has been deprecated
  where T is a type-variable:
    T extends Object declared in method <T>assertThat(T,Matcher<? super T>)
[WARNING] /tmp/dspace-backend-package-2beaws0r/dspace-backend-java-offline/dspace-backend/dspace-api/src/test/java/org/dspace/discovery/utils/DiscoverQueryBuilderTest.java:[272,8] [deprecation] <T>assertThat(T,Matcher<? super T>) in Assert has been deprecated
  where T is a type-variable:
    T extends Object declared in method <T>assertThat(T,Matcher<? super T>)
[WARNING] /tmp/dspace-backend-package-2beaws0r/dspace-backend-java-offline/dspace-backend/dspace-api/src/test/java/org/dspace/discovery/utils/DiscoverQueryBuilderTest.java:[318,8] [deprecation] <T>assertThat(T,Matcher<? super T>) in Assert has been deprecated
  where T is a type-variable:
    T extends Object declared in method <T>assertThat(T,Matcher<? super T>)
[WARNING] /tmp/dspace-backend-package-2beaws0r/dspace-backend-java-offline/dspace-backend/dspace-api/src/test/java/org/dspace/discovery/utils/DiscoverQueryBuilderTest.java:[319,8] [deprecation] <T>assertThat(T,Matcher<? super T>) in Assert has been deprecated
  where T is a type-variable:
    T extends Object declared in method <T>assertThat(T,Matcher<? super T>)
[WARNING] /tmp/dspace-backend-package-2beaws0r/dspace-backend-java-offline/dspace-backend/dspace-api/src/test/java/org/dspace/discovery/utils/DiscoverQueryBuilderTest.java:[320,8] [deprecation] <T>assertThat(T,Matcher<? super T>) in Assert has been deprecated
  where T is a type-variable:
    T extends Object declared in method <T>assertThat(T,Matcher<? super T>)
[WARNING] /tmp/dspace-backend-package-2beaws0r/dspace-backend-java-offline/dspace-backend/dspace-api/src/test/java/org/dspace/discovery/utils/DiscoverQueryBuilderTest.java:[321,49] [deprecation] isEmptyOrNullString() in Matchers has been deprecated
[WARNING] /tmp/dspace-backend-package-2beaws0r/dspace-backend-java-offline/dspace-backend/dspace-api/src/test/java/org/dspace/discovery/utils/DiscoverQueryBuilderTest.java:[321,8] [deprecation] <T>assertThat(T,Matcher<? super T>) in Assert has been deprecated
  where T is a type-variable:
    T extends Object declared in method <T>assertThat(T,Matcher<? super T>)
[WARNING] /tmp/dspace-backend-package-2beaws0r/dspace-backend-java-offline/dspace-backend/dspace-api/src/test/java/org/dspace/discovery/utils/DiscoverQueryBuilderTest.java:[322,8] [deprecation] <T>assertThat(T,Matcher<? super T>) in Assert has been deprecated
  where T is a type-variable:
    T extends Object declared in method <T>assertThat(T,Matcher<? super T>)
[WARNING] /tmp/dspace-backend-package-2beaws0r/dspace-backend-java-offline/dspace-backend/dspace-api/src/test/java/org/dspace/discovery/utils/DiscoverQueryBuilderTest.java:[323,8] [deprecation] <T>assertThat(T,Matcher<? super T>) in Assert has been deprecated
  where T is a type-variable:
    T extends Object declared in method <T>assertThat(T,Matcher<? super T>)
[WARNING] /tmp/dspace-backend-package-2beaws0r/dspace-backend-java-offline/dspace-backend/dspace-api/src/test/java/org/dspace/discovery/utils/DiscoverQueryBuilderTest.java:[324,8] [deprecation] <T>assertThat(T,Matcher<? super T>) in Assert has been deprecated
  where T is a type-variable:
    T extends Object declared in method <T>assertThat(T,Matcher<? super T>)
[WARNING] /tmp/dspace-backend-package-2beaws0r/dspace-backend-java-offline/dspace-backend/dspace-api/src/test/java/org/dspace/discovery/utils/DiscoverQueryBuilderTest.java:[325,8] [deprecation] <T>assertThat(T,Matcher<? super T>) in Assert has been deprecated
  where T is a type-variable:
    T extends Object declared in method <T>assertThat(T,Matcher<? super T>)
[WARNING] /tmp/dspace-backend-package-2beaws0r/dspace-backend-java-offline/dspace-backend/dspace-api/src/test/java/org/dspace/discovery/utils/DiscoverQueryBuilderTest.java:[326,8] [deprecation] <T>assertThat(T,Matcher<? super T>) in Assert has been deprecated
  where T is a type-variable:
    T extends Object declared in method <T>assertThat(T,Matcher<? super T>)
[WARNING] /tmp/dspace-backend-package-2beaws0r/dspace-backend-java-offline/dspace-backend/dspace-api/src/test/java/org/dspace/discovery/utils/DiscoverQueryBuilderTest.java:[327,8] [deprecation] <T>assertThat(T,Matcher<? super T>) in Assert has been deprecated
  where T is a type-variable:
    T extends Object declared in method <T>assertThat(T,Matcher<? super T>)
[WARNING] /tmp/dspace-backend-package-2beaws0r/dspace-backend-java-offline/dspace-backend/dspace-api/src/test/java/org/dspace/eperson/EPersonInWorkflowIT.java:[143,49] [deprecation] withWorkflowGroup(int,EPerson...) in CollectionBuilder has been deprecated
[WARNING] /tmp/dspace-backend-package-2beaws0r/dspace-backend-java-offline/dspace-backend/dspace-api/src/test/java/org/dspace/eperson/EPersonInWorkflowIT.java:[144,49] [deprecation] withWorkflowGroup(int,EPerson...) in CollectionBuilder has been deprecated
[WARNING] /tmp/dspace-backend-package-2beaws0r/dspace-backend-java-offline/dspace-backend/dspace-api/src/test/java/org/dspace/eperson/EPersonInWorkflowIT.java:[145,49] [deprecation] withWorkflowGroup(int,EPerson...) in CollectionBuilder has been deprecated
[WARNING] /tmp/dspace-backend-package-2beaws0r/dspace-backend-java-offline/dspace-backend/dspace-api/src/test/java/org/dspace/eperson/EPersonInWorkflowIT.java:[216,49] [deprecation] withWorkflowGroup(int,EPerson...) in CollectionBuilder has been deprecated
[WARNING] /tmp/dspace-backend-package-2beaws0r/dspace-backend-java-offline/dspace-backend/dspace-api/src/test/java/org/dspace/eperson/EPersonInWorkflowIT.java:[217,49] [deprecation] withWorkflowGroup(int,EPerson...) in CollectionBuilder has been deprecated
[WARNING] /tmp/dspace-backend-package-2beaws0r/dspace-backend-java-offline/dspace-backend/dspace-api/src/test/java/org/dspace/eperson/EPersonInWorkflowIT.java:[218,49] [deprecation] withWorkflowGroup(int,EPerson...) in CollectionBuilder has been deprecated
[WARNING] /tmp/dspace-backend-package-2beaws0r/dspace-backend-java-offline/dspace-backend/dspace-api/src/test/java/org/dspace/eperson/EPersonInWorkflowIT.java:[285,49] [deprecation] withWorkflowGroup(int,EPerson...) in CollectionBuilder has been deprecated
[WARNING] /tmp/dspace-backend-package-2beaws0r/dspace-backend-java-offline/dspace-backend/dspace-api/src/test/java/org/dspace/eperson/EPersonInWorkflowIT.java:[286,49] [deprecation] withWorkflowGroup(int,EPerson...) in CollectionBuilder has been deprecated
[WARNING] /tmp/dspace-backend-package-2beaws0r/dspace-backend-java-offline/dspace-backend/dspace-api/src/test/java/org/dspace/eperson/EPersonInWorkflowIT.java:[287,49] [deprecation] withWorkflowGroup(int,EPerson...) in CollectionBuilder has been deprecated
[WARNING] /tmp/dspace-backend-package-2beaws0r/dspace-backend-java-offline/dspace-backend/dspace-api/src/test/java/org/dspace/eperson/EPersonInWorkflowIT.java:[357,49] [deprecation] withWorkflowGroup(int,EPerson...) in CollectionBuilder has been deprecated
[WARNING] /tmp/dspace-backend-package-2beaws0r/dspace-backend-java-offline/dspace-backend/dspace-api/src/test/java/org/dspace/eperson/EPersonInWorkflowIT.java:[358,49] [deprecation] withWorkflowGroup(int,EPerson...) in CollectionBuilder has been deprecated
[WARNING] /tmp/dspace-backend-package-2beaws0r/dspace-backend-java-offline/dspace-backend/dspace-api/src/test/java/org/dspace/eperson/EPersonInWorkflowIT.java:[359,49] [deprecation] withWorkflowGroup(int,EPerson...) in CollectionBuilder has been deprecated
[WARNING] /tmp/dspace-backend-package-2beaws0r/dspace-backend-java-offline/dspace-backend/dspace-api/src/test/java/org/dspace/eperson/EPersonInWorkflowIT.java:[436,50] [deprecation] withWorkflowGroup(int,EPerson...) in CollectionBuilder has been deprecated
[WARNING] /tmp/dspace-backend-package-2beaws0r/dspace-backend-java-offline/dspace-backend/dspace-api/src/test/java/org/dspace/eperson/EPersonInWorkflowIT.java:[437,50] [deprecation] withWorkflowGroup(int,EPerson...) in CollectionBuilder has been deprecated
[WARNING] /tmp/dspace-backend-package-2beaws0r/dspace-backend-java-offline/dspace-backend/dspace-api/src/test/java/org/dspace/eperson/EPersonInWorkflowIT.java:[438,50] [deprecation] withWorkflowGroup(int,EPerson...) in CollectionBuilder has been deprecated
[WARNING] /tmp/dspace-backend-package-2beaws0r/dspace-backend-java-offline/dspace-backend/dspace-api/src/test/java/org/dspace/eperson/EPersonInWorkflowIT.java:[442,50] [deprecation] withWorkflowGroup(int,EPerson...) in CollectionBuilder has been deprecated
[WARNING] /tmp/dspace-backend-package-2beaws0r/dspace-backend-java-offline/dspace-backend/dspace-api/src/test/java/org/dspace/eperson/EPersonInWorkflowIT.java:[506,49] [deprecation] withWorkflowGroup(int,EPerson...) in CollectionBuilder has been deprecated
[WARNING] /tmp/dspace-backend-package-2beaws0r/dspace-backend-java-offline/dspace-backend/dspace-api/src/test/java/org/dspace/eperson/EPersonInWorkflowIT.java:[507,49] [deprecation] withWorkflowGroup(int,EPerson...) in CollectionBuilder has been deprecated
[WARNING] /tmp/dspace-backend-package-2beaws0r/dspace-backend-java-offline/dspace-backend/dspace-api/src/test/java/org/dspace/eperson/EPersonInWorkflowIT.java:[508,49] [deprecation] withWorkflowGroup(int,EPerson...) in CollectionBuilder has been deprecated
[WARNING] /tmp/dspace-backend-package-2beaws0r/dspace-backend-java-offline/dspace-backend/dspace-api/src/test/java/org/dspace/eperson/EPersonInWorkflowIT.java:[578,49] [deprecation] withWorkflowGroup(int,EPerson...) in CollectionBuilder has been deprecated
[WARNING] /tmp/dspace-backend-package-2beaws0r/dspace-backend-java-offline/dspace-backend/dspace-api/src/test/java/org/dspace/eperson/EPersonInWorkflowIT.java:[579,49] [deprecation] withWorkflowGroup(int,EPerson...) in CollectionBuilder has been deprecated
[WARNING] /tmp/dspace-backend-package-2beaws0r/dspace-backend-java-offline/dspace-backend/dspace-api/src/test/java/org/dspace/eperson/EPersonInWorkflowIT.java:[580,49] [deprecation] withWorkflowGroup(int,EPerson...) in CollectionBuilder has been deprecated
[WARNING] /tmp/dspace-backend-package-2beaws0r/dspace-backend-java-offline/dspace-backend/dspace-api/src/test/java/org/dspace/eperson/EPersonInWorkflowIT.java:[650,49] [deprecation] withWorkflowGroup(int,EPerson...) in CollectionBuilder has been deprecated
[INFO] 
[INFO] --- surefire:2.22.2:test (default-test) @ dspace-api ---
[INFO] Tests are skipped.
[INFO] 
[INFO] --- jar:3.5.0:jar (default-jar) @ dspace-api ---
[INFO] Building jar: /tmp/dspace-backend-package-2beaws0r/dspace-backend-java-offline/dspace-backend/dspace-api/target/dspace-api-7.6.7.jar
[INFO] 
[INFO] --- jar:3.5.0:test-jar (default) @ dspace-api ---
[INFO] Building jar: /tmp/dspace-backend-package-2beaws0r/dspace-backend-java-offline/dspace-backend/dspace-api/target/dspace-api-7.6.7-tests.jar
[INFO] 
[INFO] -------------------------< org.dspace:modules >-------------------------
[INFO] Building DSpace Addon Modules 7.6.7                               [4/13]
[INFO]   from dspace/modules/pom.xml
[INFO] --------------------------------[ pom ]---------------------------------
[INFO] 
[INFO] --- enforcer:3.6.2:enforce (enforce-java) @ modules ---
[INFO] 
[INFO] --- enforcer:3.6.2:enforce (enforce-versions) @ modules ---
[INFO] Rule 0: org.apache.maven.enforcer.rules.dependency.DependencyConvergence passed
[INFO] 
[INFO] --- enforcer:3.6.2:enforce (ban-dependencies) @ modules ---
[INFO] Rule 0: org.apache.maven.enforcer.rules.dependency.BannedDependencies passed
[INFO] 
[INFO] --- xml:1.2.1:validate (validate-ALL-xml-and-xsl) @ modules ---
[INFO] 
[INFO] --------------------< org.dspace.modules:additions >--------------------
[INFO] Building DSpace Kernel :: Additions and Local Customizations 7.6.7 [5/13]
[INFO]   from dspace/modules/additions/pom.xml
[INFO] --------------------------------[ jar ]---------------------------------
[INFO] 
[INFO] --- enforcer:3.6.2:enforce (enforce-java) @ additions ---
[INFO] 
[INFO] --- enforcer:3.6.2:enforce (enforce-versions) @ additions ---
[INFO] Rule 0: org.apache.maven.enforcer.rules.dependency.DependencyConvergence passed
[INFO] 
[INFO] --- enforcer:3.6.2:enforce (ban-dependencies) @ additions ---
[INFO] Rule 0: org.apache.maven.enforcer.rules.dependency.BannedDependencies passed
[INFO] 
[INFO] --- groovy:2.1.1:execute (setproperty) @ additions ---
[INFO] Initializing Maven property 'agnostic.build.dir' to: /tmp/dspace-backend-package-2beaws0r/dspace-backend-java-offline/dspace-backend/dspace/modules/additions/target
[INFO] 
[INFO] --- resources:3.5.0:resources (default-resources) @ additions ---
[INFO] Copying 2 resources from src/main/resources to target/classes
[INFO] 
[INFO] --- compiler:3.15.0:compile (default-compile) @ additions ---
[INFO] Recompiling the module because of changed dependency.
[INFO] Compiling 2 source files with javac [forked debug release 11] to target/classes
[INFO] 
[INFO] --- resources:3.5.0:testResources (default-testResources) @ additions ---
[INFO] skip non existing resourceDirectory /tmp/dspace-backend-package-2beaws0r/dspace-backend-java-offline/dspace-backend/dspace/modules/additions/src/test/resources
[INFO] 
[INFO] --- xml:1.2.1:validate (validate-ALL-xml-and-xsl) @ additions ---
[INFO] 
[INFO] --- compiler:3.15.0:testCompile (default-testCompile) @ additions ---
[INFO] Recompiling the module because of changed dependency.
[INFO] Compiling 1 source file with javac [forked debug release 11] to target/test-classes
[INFO] 
[INFO] --- surefire:2.22.2:test (default-test) @ additions ---
[INFO] Tests are skipped.
[INFO] 
[INFO] --- jar:3.5.0:jar (default-jar) @ additions ---
[INFO] Building jar: /tmp/dspace-backend-package-2beaws0r/dspace-backend-java-offline/dspace-backend/dspace/modules/additions/target/additions-7.6.7.jar
[INFO] 
[INFO] -----------------------< org.dspace:dspace-iiif >-----------------------
[INFO] Building DSpace IIIF 7.6.7                                        [6/13]
[INFO]   from dspace-iiif/pom.xml
[INFO] --------------------------------[ jar ]---------------------------------
[INFO] 
[INFO] --- enforcer:3.6.2:enforce (enforce-java) @ dspace-iiif ---
[INFO] 
[INFO] --- enforcer:3.6.2:enforce (enforce-versions) @ dspace-iiif ---
[INFO] Rule 0: org.apache.maven.enforcer.rules.dependency.DependencyConvergence passed
[INFO] 
[INFO] --- enforcer:3.6.2:enforce (ban-dependencies) @ dspace-iiif ---
[INFO] Rule 0: org.apache.maven.enforcer.rules.dependency.BannedDependencies passed
[INFO] 
[INFO] --- resources:3.5.0:resources (default-resources) @ dspace-iiif ---
[INFO] skip non existing resourceDirectory /tmp/dspace-backend-package-2beaws0r/dspace-backend-java-offline/dspace-backend/dspace-iiif/src/main/resources
[INFO] 
[INFO] --- compiler:3.15.0:compile (default-compile) @ dspace-iiif ---
[INFO] Recompiling the module because of changed dependency.
[INFO] Compiling 44 source files with javac [forked debug release 11] to target/classes
[WARNING] /tmp/dspace-backend-package-2beaws0r/dspace-backend-java-offline/dspace-backend/dspace-iiif/src/main/java/org/dspace/app/iiif/service/ManifestService.java:[52,32] [UnusedVariable] The field 'log' is never read.
    (see https://errorprone.info/bugpattern/UnusedVariable)
  Did you mean to remove this line or 'static { org.apache.logging.log4j.LogManager.getLogger(ManifestService.class); }'?
[WARNING] /tmp/dspace-backend-package-2beaws0r/dspace-backend-java-offline/dspace-backend/dspace-iiif/src/main/java/org/dspace/app/iiif/service/ManifestService.java:[76,14] [HidingField] Hiding fields of superclasses may cause confusion and errors. This field is hiding a field of the same name in superclass: AbstractResourceService
    (see https://errorprone.info/bugpattern/HidingField)
[WARNING] /tmp/dspace-backend-package-2beaws0r/dspace-backend-java-offline/dspace-backend/dspace-iiif/src/main/java/org/dspace/app/iiif/service/ManifestService.java:[124,7] [ReturnFromVoid] Void methods should not have a @return tag.
    (see https://errorprone.info/bugpattern/ReturnFromVoid)
  Did you mean '*'?
[WARNING] /tmp/dspace-backend-package-2beaws0r/dspace-backend-java-offline/dspace-backend/dspace-iiif/src/main/java/org/dspace/app/iiif/service/ManifestService.java:[193,37] [StringSplitter] String.split(String) has surprising behavior
    (see https://errorprone.info/bugpattern/StringSplitter)
  Did you mean 'List<String> eq = Splitter.on('.').splitToList(field);'?
[WARNING] /tmp/dspace-backend-package-2beaws0r/dspace-backend-java-offline/dspace-backend/dspace-iiif/src/main/java/org/dspace/app/iiif/service/ManifestService.java:[323,20] [CatchAndPrintStackTrace] Logging or rethrowing exceptions should usually be preferred to catching and calling printStackTrace
    (see https://errorprone.info/bugpattern/CatchAndPrintStackTrace)
[WARNING] /tmp/dspace-backend-package-2beaws0r/dspace-backend-java-offline/dspace-backend/dspace-iiif/src/main/java/org/dspace/app/iiif/service/SearchService.java:[29,32] [UnusedVariable] The field 'log' is never read.
    (see https://errorprone.info/bugpattern/UnusedVariable)
  Did you mean to remove this line or 'static { org.apache.logging.log4j.LogManager.getLogger(SearchService.class); }'?
[WARNING] /tmp/dspace-backend-package-2beaws0r/dspace-backend-java-offline/dspace-backend/dspace-iiif/src/main/java/org/dspace/app/iiif/service/AnnotationListService.java:[44,14] [HidingField] Hiding fields of superclasses may cause confusion and errors. This field is hiding a field of the same name in superclass: AbstractResourceService
    (see https://errorprone.info/bugpattern/HidingField)
[WARNING] /tmp/dspace-backend-package-2beaws0r/dspace-backend-java-offline/dspace-backend/dspace-iiif/src/main/java/org/dspace/app/iiif/service/CanvasLookupService.java:[36,14] [HidingField] Hiding fields of superclasses may cause confusion and errors. This field is hiding a field of the same name in superclass: AbstractResourceService
    (see https://errorprone.info/bugpattern/HidingField)
[WARNING] /tmp/dspace-backend-package-2beaws0r/dspace-backend-java-offline/dspace-backend/dspace-iiif/src/main/java/org/dspace/app/iiif/service/utils/IIIFUtils.java:[213,7] [EmptyBlockTag] A block tag (@param, @return, @throws, @deprecated) has an empty description. Block tags without descriptions don't add much value for future readers of the code; consider removing the tag entirely or adding a description.
    (see https://google.github.io/styleguide/javaguide.html#s7.1.3-javadoc-block-tags)
  Did you mean '*'?
[WARNING] /tmp/dspace-backend-package-2beaws0r/dspace-backend-java-offline/dspace-backend/dspace-iiif/src/main/java/org/dspace/app/iiif/service/utils/IIIFUtils.java:[228,7] [EmptyBlockTag] A block tag (@param, @return, @throws, @deprecated) has an empty description. Block tags without descriptions don't add much value for future readers of the code; consider removing the tag entirely or adding a description.
    (see https://google.github.io/styleguide/javaguide.html#s7.1.3-javadoc-block-tags)
  Did you mean '*'?
[WARNING] /tmp/dspace-backend-package-2beaws0r/dspace-backend-java-offline/dspace-backend/dspace-iiif/src/main/java/org/dspace/app/iiif/service/CanvasService.java:[54,14] [HidingField] Hiding fields of superclasses may cause confusion and errors. This field is hiding a field of the same name in superclass: AbstractResourceService
    (see https://errorprone.info/bugpattern/HidingField)
[WARNING] /tmp/dspace-backend-package-2beaws0r/dspace-backend-java-offline/dspace-backend/dspace-iiif/src/main/java/org/dspace/app/iiif/service/CanvasService.java:[120,7] [EmptyBlockTag] A block tag (@param, @return, @throws, @deprecated) has an empty description. Block tags without descriptions don't add much value for future readers of the code; consider removing the tag entirely or adding a description.
    (see https://google.github.io/styleguide/javaguide.html#s7.1.3-javadoc-block-tags)
  Did you mean '*'?
[WARNING] /tmp/dspace-backend-package-2beaws0r/dspace-backend-java-offline/dspace-backend/dspace-iiif/src/main/java/org/dspace/app/iiif/service/CanvasService.java:[147,7] [EmptyBlockTag] A block tag (@param, @return, @throws, @deprecated) has an empty description. Block tags without descriptions don't add much value for future readers of the code; consider removing the tag entirely or adding a description.
    (see https://google.github.io/styleguide/javaguide.html#s7.1.3-javadoc-block-tags)
  Did you mean '*'?
[WARNING] /tmp/dspace-backend-package-2beaws0r/dspace-backend-java-offline/dspace-backend/dspace-iiif/src/main/java/org/dspace/app/iiif/service/CanvasService.java:[158,7] [EmptyBlockTag] A block tag (@param, @return, @throws, @deprecated) has an empty description. Block tags without descriptions don't add much value for future readers of the code; consider removing the tag entirely or adding a description.
    (see https://google.github.io/styleguide/javaguide.html#s7.1.3-javadoc-block-tags)
  Did you mean '*'?
[WARNING] /tmp/dspace-backend-package-2beaws0r/dspace-backend-java-offline/dspace-backend/dspace-iiif/src/main/java/org/dspace/app/iiif/service/CanvasService.java:[239,41] [StringSplitter] String.split(String) has surprising behavior
    (see https://errorprone.info/bugpattern/StringSplitter)
  Did you mean 'List<String> eq = Splitter.on('.').splitToList(field);'?
[WARNING] /tmp/dspace-backend-package-2beaws0r/dspace-backend-java-offline/dspace-backend/dspace-iiif/src/main/java/org/dspace/app/iiif/service/ImageContentService.java:[44,7] [EmptyBlockTag] A block tag (@param, @return, @throws, @deprecated) has an empty description. Block tags without descriptions don't add much value for future readers of the code; consider removing the tag entirely or adding a description.
    (see https://google.github.io/styleguide/javaguide.html#s7.1.3-javadoc-block-tags)
  Did you mean '*'?
[WARNING] /tmp/dspace-backend-package-2beaws0r/dspace-backend-java-offline/dspace-backend/dspace-iiif/src/main/java/org/dspace/app/iiif/model/generator/CanvasGenerator.java:[113,8] [NotJavadoc] Avoid using `/**` for comments which aren't actually Javadoc.
    (see https://errorprone.info/bugpattern/NotJavadoc)
  Did you mean '/*'?
[WARNING] /tmp/dspace-backend-package-2beaws0r/dspace-backend-java-offline/dspace-backend/dspace-iiif/src/main/java/org/dspace/app/iiif/model/generator/CanvasGenerator.java:[52,7] [EmptyBlockTag] A block tag (@param, @return, @throws, @deprecated) has an empty description. Block tags without descriptions don't add much value for future readers of the code; consider removing the tag entirely or adding a description.
    (see https://google.github.io/styleguide/javaguide.html#s7.1.3-javadoc-block-tags)
  Did you mean '*'?
[WARNING] /tmp/dspace-backend-package-2beaws0r/dspace-backend-java-offline/dspace-backend/dspace-iiif/src/main/java/org/dspace/app/iiif/model/generator/ImageContentGenerator.java:[35,7] [EmptyBlockTag] A block tag (@param, @return, @throws, @deprecated) has an empty description. Block tags without descriptions don't add much value for future readers of the code; consider removing the tag entirely or adding a description.
    (see https://google.github.io/styleguide/javaguide.html#s7.1.3-javadoc-block-tags)
  Did you mean '*'?
[WARNING] /tmp/dspace-backend-package-2beaws0r/dspace-backend-java-offline/dspace-backend/dspace-iiif/src/main/java/org/dspace/app/iiif/model/generator/ImageContentGenerator.java:[44,7] [EmptyBlockTag] A block tag (@param, @return, @throws, @deprecated) has an empty description. Block tags without descriptions don't add much value for future readers of the code; consider removing the tag entirely or adding a description.
    (see https://google.github.io/styleguide/javaguide.html#s7.1.3-javadoc-block-tags)
  Did you mean '*'?
[WARNING] /tmp/dspace-backend-package-2beaws0r/dspace-backend-java-offline/dspace-backend/dspace-iiif/src/main/java/org/dspace/app/iiif/model/generator/AnnotationGenerator.java:[56,7] [EmptyBlockTag] A block tag (@param, @return, @throws, @deprecated) has an empty description. Block tags without descriptions don't add much value for future readers of the code; consider removing the tag entirely or adding a description.
    (see https://google.github.io/styleguide/javaguide.html#s7.1.3-javadoc-block-tags)
  Did you mean '*'?
[WARNING] /tmp/dspace-backend-package-2beaws0r/dspace-backend-java-offline/dspace-backend/dspace-iiif/src/main/java/org/dspace/app/iiif/model/generator/AnnotationGenerator.java:[65,7] [EmptyBlockTag] A block tag (@param, @return, @throws, @deprecated) has an empty description. Block tags without descriptions don't add much value for future readers of the code; consider removing the tag entirely or adding a description.
    (see https://google.github.io/styleguide/javaguide.html#s7.1.3-javadoc-block-tags)
  Did you mean '*'?
[WARNING] /tmp/dspace-backend-package-2beaws0r/dspace-backend-java-offline/dspace-backend/dspace-iiif/src/main/java/org/dspace/app/iiif/model/generator/AnnotationGenerator.java:[66,7] [EmptyBlockTag] A block tag (@param, @return, @throws, @deprecated) has an empty description. Block tags without descriptions don't add much value for future readers of the code; consider removing the tag entirely or adding a description.
    (see https://google.github.io/styleguide/javaguide.html#s7.1.3-javadoc-block-tags)
  Did you mean '*'?
[WARNING] /tmp/dspace-backend-package-2beaws0r/dspace-backend-java-offline/dspace-backend/dspace-iiif/src/main/java/org/dspace/app/iiif/model/generator/AnnotationGenerator.java:[75,7] [EmptyBlockTag] A block tag (@param, @return, @throws, @deprecated) has an empty description. Block tags without descriptions don't add much value for future readers of the code; consider removing the tag entirely or adding a description.
    (see https://google.github.io/styleguide/javaguide.html#s7.1.3-javadoc-block-tags)
  Did you mean '*'?
[WARNING] /tmp/dspace-backend-package-2beaws0r/dspace-backend-java-offline/dspace-backend/dspace-iiif/src/main/java/org/dspace/app/iiif/model/generator/AnnotationGenerator.java:[76,7] [EmptyBlockTag] A block tag (@param, @return, @throws, @deprecated) has an empty description. Block tags without descriptions don't add much value for future readers of the code; consider removing the tag entirely or adding a description.
    (see https://google.github.io/styleguide/javaguide.html#s7.1.3-javadoc-block-tags)
  Did you mean '*'?
[WARNING] /tmp/dspace-backend-package-2beaws0r/dspace-backend-java-offline/dspace-backend/dspace-iiif/src/main/java/org/dspace/app/iiif/model/generator/AnnotationGenerator.java:[86,7] [EmptyBlockTag] A block tag (@param, @return, @throws, @deprecated) has an empty description. Block tags without descriptions don't add much value for future readers of the code; consider removing the tag entirely or adding a description.
    (see https://google.github.io/styleguide/javaguide.html#s7.1.3-javadoc-block-tags)
  Did you mean '*'?
[WARNING] /tmp/dspace-backend-package-2beaws0r/dspace-backend-java-offline/dspace-backend/dspace-iiif/src/main/java/org/dspace/app/iiif/model/generator/AnnotationGenerator.java:[97,7] [EmptyBlockTag] A block tag (@param, @return, @throws, @deprecated) has an empty description. Block tags without descriptions don't add much value for future readers of the code; consider removing the tag entirely or adding a description.
    (see https://google.github.io/styleguide/javaguide.html#s7.1.3-javadoc-block-tags)
  Did you mean '*'?
[WARNING] /tmp/dspace-backend-package-2beaws0r/dspace-backend-java-offline/dspace-backend/dspace-iiif/src/main/java/org/dspace/app/iiif/model/generator/AnnotationGenerator.java:[98,7] [EmptyBlockTag] A block tag (@param, @return, @throws, @deprecated) has an empty description. Block tags without descriptions don't add much value for future readers of the code; consider removing the tag entirely or adding a description.
    (see https://google.github.io/styleguide/javaguide.html#s7.1.3-javadoc-block-tags)
  Did you mean '*'?
[WARNING] /tmp/dspace-backend-package-2beaws0r/dspace-backend-java-offline/dspace-backend/dspace-iiif/src/main/java/org/dspace/app/iiif/model/generator/ManifestGenerator.java:[99,35] [InvalidInlineTag] Tag name `ode` is unknown. Did you mean tag `code`?
    (see https://errorprone.info/bugpattern/InvalidInlineTag)
  Did you mean '* Adds add single (mandatory) {@code sequence} to the manifest. In IIIF Presentation API 3.0 "sequence"'?
[WARNING] /tmp/dspace-backend-package-2beaws0r/dspace-backend-java-offline/dspace-backend/dspace-iiif/src/main/java/org/dspace/app/iiif/model/generator/ContentSearchGenerator.java:[41,7] [EmptyBlockTag] A block tag (@param, @return, @throws, @deprecated) has an empty description. Block tags without descriptions don't add much value for future readers of the code; consider removing the tag entirely or adding a description.
    (see https://google.github.io/styleguide/javaguide.html#s7.1.3-javadoc-block-tags)
  Did you mean '*'?
[WARNING] /tmp/dspace-backend-package-2beaws0r/dspace-backend-java-offline/dspace-backend/dspace-iiif/src/main/java/org/dspace/app/iiif/model/generator/ContentSearchGenerator.java:[70,12] [CatchAndPrintStackTrace] Logging or rethrowing exceptions should usually be preferred to catching and calling printStackTrace
    (see https://errorprone.info/bugpattern/CatchAndPrintStackTrace)
[WARNING] /tmp/dspace-backend-package-2beaws0r/dspace-backend-java-offline/dspace-backend/dspace-iiif/src/main/java/org/dspace/app/iiif/service/RangeService.java:[50,7] [EmptyBlockTag] A block tag (@param, @return, @throws, @deprecated) has an empty description. Block tags without descriptions don't add much value for future readers of the code; consider removing the tag entirely or adding a description.
    (see https://google.github.io/styleguide/javaguide.html#s7.1.3-javadoc-block-tags)
  Did you mean '*'?
[WARNING] /tmp/dspace-backend-package-2beaws0r/dspace-backend-java-offline/dspace-backend/dspace-iiif/src/main/java/org/dspace/app/iiif/service/RangeService.java:[101,7] [EmptyBlockTag] A block tag (@param, @return, @throws, @deprecated) has an empty description. Block tags without descriptions don't add much value for future readers of the code; consider removing the tag entirely or adding a description.
    (see https://google.github.io/styleguide/javaguide.html#s7.1.3-javadoc-block-tags)
  Did you mean '*'?
[WARNING] /tmp/dspace-backend-package-2beaws0r/dspace-backend-java-offline/dspace-backend/dspace-iiif/src/main/java/org/dspace/app/iiif/service/RangeService.java:[101,7] [ReturnFromVoid] Void methods should not have a @return tag.
    (see https://errorprone.info/bugpattern/ReturnFromVoid)
  Did you mean '*'?
[WARNING] /tmp/dspace-backend-package-2beaws0r/dspace-backend-java-offline/dspace-backend/dspace-iiif/src/main/java/org/dspace/app/iiif/service/RangeService.java:[108,38] [StringSplitter] String.split(String) has surprising behavior
    (see https://errorprone.info/bugpattern/StringSplitter)
  Did you mean 'List<String> parts = Splitter.onPattern(IIIFUtils.TOC_SEPARATOR_REGEX).splitToList(toc);'?
[WARNING] /tmp/dspace-backend-package-2beaws0r/dspace-backend-java-offline/dspace-backend/dspace-iiif/src/main/java/org/dspace/app/iiif/service/SequenceService.java:[34,32] [UnusedVariable] The field 'log' is never read.
    (see https://errorprone.info/bugpattern/UnusedVariable)
  Did you mean to remove this line or 'static { org.apache.logging.log4j.LogManager.getLogger(SequenceService.class); }'?
[WARNING] /tmp/dspace-backend-package-2beaws0r/dspace-backend-java-offline/dspace-backend/dspace-iiif/src/main/java/org/dspace/app/iiif/service/WordHighlightSolrSearch.java:[111,7] [EmptyBlockTag] A block tag (@param, @return, @throws, @deprecated) has an empty description. Block tags without descriptions don't add much value for future readers of the code; consider removing the tag entirely or adding a description.
    (see https://google.github.io/styleguide/javaguide.html#s7.1.3-javadoc-block-tags)
  Did you mean '*'?
[WARNING] /tmp/dspace-backend-package-2beaws0r/dspace-backend-java-offline/dspace-backend/dspace-iiif/src/main/java/org/dspace/app/iiif/service/WordHighlightSolrSearch.java:[254,61] [StringSplitter] String.split(String) has surprising behavior
    (see https://errorprone.info/bugpattern/StringSplitter)
  Did you mean 'List<String> identArr = Splitter.on('.').splitToList(pageId.asText());'?
[INFO] 
[INFO] --- resources:3.5.0:testResources (default-testResources) @ dspace-iiif ---
[INFO] skip non existing resourceDirectory /tmp/dspace-backend-package-2beaws0r/dspace-backend-java-offline/dspace-backend/dspace-iiif/src/test/resources
[INFO] 
[INFO] --- xml:1.2.1:validate (validate-ALL-xml-and-xsl) @ dspace-iiif ---
[INFO] 
[INFO] --- compiler:3.15.0:testCompile (default-testCompile) @ dspace-iiif ---
[INFO] No sources to compile
[INFO] 
[INFO] --- surefire:2.22.2:test (default-test) @ dspace-iiif ---
[INFO] Tests are skipped.
[INFO] 
[INFO] --- jar:3.5.0:jar (default-jar) @ dspace-iiif ---
[INFO] Building jar: /tmp/dspace-backend-package-2beaws0r/dspace-backend-java-offline/dspace-backend/dspace-iiif/target/dspace-iiif-7.6.7.jar
[INFO] 
[INFO] -----------------------< org.dspace:dspace-oai >------------------------
[INFO] Building DSpace OAI-PMH 7.6.7                                     [7/13]
[INFO]   from dspace-oai/pom.xml
[INFO] --------------------------------[ jar ]---------------------------------
[INFO] 
[INFO] --- enforcer:3.6.2:enforce (enforce-java) @ dspace-oai ---
[INFO] 
[INFO] --- enforcer:3.6.2:enforce (enforce-versions) @ dspace-oai ---
[INFO] Rule 0: org.apache.maven.enforcer.rules.dependency.DependencyConvergence passed
[INFO] 
[INFO] --- enforcer:3.6.2:enforce (ban-dependencies) @ dspace-oai ---
[INFO] Rule 0: org.apache.maven.enforcer.rules.dependency.BannedDependencies passed
[INFO] 
[INFO] --- resources:3.5.0:resources (default-resources) @ dspace-oai ---
[INFO] Copying 4 resources from src/main/resources to target/classes
[INFO] 
[INFO] --- compiler:3.15.0:compile (default-compile) @ dspace-oai ---
[INFO] Recompiling the module because of changed dependency.
[INFO] Compiling 84 source files with javac [forked debug release 11] to target/classes
[WARNING] /tmp/dspace-backend-package-2beaws0r/dspace-backend-java-offline/dspace-backend/dspace-oai/src/main/java/org/dspace/xoai/exceptions/InvalidMetadataFieldException.java:[11,3] [MissingSummary] A summary line is required on public/protected Javadocs.
    (see https://google.github.io/styleguide/javaguide.html#s7.2-summary-fragment)
[WARNING] /tmp/dspace-backend-package-2beaws0r/dspace-backend-java-offline/dspace-backend/dspace-oai/src/main/java/org/dspace/xoai/app/OAISpringLoader.java:[25,32] [JdkObsolete] StringBuffer performs synchronization that is usually unnecessary; prefer StringBuilder.
    (see https://errorprone.info/bugpattern/JdkObsolete)
  Did you mean 'StringBuilder filePath = new StringBuilder();'?
[WARNING] /tmp/dspace-backend-package-2beaws0r/dspace-backend-java-offline/dspace-backend/dspace-oai/src/main/java/org/dspace/xoai/util/ItemUtils.java:[120,23] [UnusedVariable] This assignment to the local variable 'url' is never read.
    (see https://errorprone.info/bugpattern/UnusedVariable)
  Did you mean to remove this line?
[WARNING] /tmp/dspace-backend-package-2beaws0r/dspace-backend-java-offline/dspace-backend/dspace-oai/src/main/java/org/dspace/xoai/util/ItemUtils.java:[124,23] [UnusedVariable] The local variable 'handle' is never read.
    (see https://errorprone.info/bugpattern/UnusedVariable)
  Did you mean to remove this line or to remove this line?
[WARNING] /tmp/dspace-backend-package-2beaws0r/dspace-backend-java-offline/dspace-backend/dspace-oai/src/main/java/org/dspace/xoai/util/ItemUtils.java:[121,23] [UnusedVariable] The local variable 'bsName' is never read.
    (see https://errorprone.info/bugpattern/UnusedVariable)
  Did you mean to remove this line or 'bit.getName();'?
[WARNING] /tmp/dspace-backend-package-2beaws0r/dspace-backend-java-offline/dspace-backend/dspace-oai/src/main/java/org/dspace/xoai/util/ItemUtils.java:[57,45] [UnusedVariable] The field 'relationshipService' is never read.
    (see https://errorprone.info/bugpattern/UnusedVariable)
  Did you mean to remove this line or 'static { ContentServiceFactory.getInstance().getRelationshipService(); }'?
[WARNING] /tmp/dspace-backend-package-2beaws0r/dspace-backend-java-offline/dspace-backend/dspace-oai/src/main/java/org/dspace/xoai/util/ItemUtils.java:[122,23] [UnusedVariable] The local variable 'sid' is never read.
    (see https://errorprone.info/bugpattern/UnusedVariable)
  Did you mean to remove this line or 'String.valueOf(bit.getSequenceID());'?
[WARNING] /tmp/dspace-backend-package-2beaws0r/dspace-backend-java-offline/dspace-backend/dspace-oai/src/main/java/org/dspace/xoai/util/ItemUtils.java:[45,3] [MissingSummary] A summary line is required on public/protected Javadocs.
    (see https://google.github.io/styleguide/javaguide.html#s7.2-summary-fragment)
[WARNING] /tmp/dspace-backend-package-2beaws0r/dspace-backend-java-offline/dspace-backend/dspace-oai/src/main/java/org/dspace/xoai/util/ItemUtils.java:[192,93] [DefaultCharset] Implicit use of the platform default charset, which can result in differing behaviour between JVM executions or incorrect behavior if the encoding of the data source doesn't match expectations.
    (see https://errorprone.info/bugpattern/DefaultCharset)
  Did you mean 'license.getField().add(createValue("bin", Base64Utils.encode(out.toString(UTF_8))));' or 'license.getField().add(createValue("bin", Base64Utils.encode(out.toString(Charset.defaultCharset()))));'?
[WARNING] /tmp/dspace-backend-package-2beaws0r/dspace-backend-java-offline/dspace-backend/dspace-oai/src/main/java/org/dspace/xoai/util/ItemUtils.java:[206,7] [EmptyBlockTag] A block tag (@param, @return, @throws, @deprecated) has an empty description. Block tags without descriptions don't add much value for future readers of the code; consider removing the tag entirely or adding a description.
    (see https://google.github.io/styleguide/javaguide.html#s7.1.3-javadoc-block-tags)
  Did you mean '*'?
[WARNING] /tmp/dspace-backend-package-2beaws0r/dspace-backend-java-offline/dspace-backend/dspace-oai/src/main/java/org/dspace/xoai/util/ItemUtils.java:[260,7] [EmptyBlockTag] A block tag (@param, @return, @throws, @deprecated) has an empty description. Block tags without descriptions don't add much value for future readers of the code; consider removing the tag entirely or adding a description.
    (see https://google.github.io/styleguide/javaguide.html#s7.1.3-javadoc-block-tags)
  Did you mean '*'?
[WARNING] /tmp/dspace-backend-package-2beaws0r/dspace-backend-java-offline/dspace-backend/dspace-oai/src/main/java/org/dspace/xoai/util/ItemUtils.java:[261,7] [EmptyBlockTag] A block tag (@param, @return, @throws, @deprecated) has an empty description. Block tags without descriptions don't add much value for future readers of the code; consider removing the tag entirely or adding a description.
    (see https://google.github.io/styleguide/javaguide.html#s7.1.3-javadoc-block-tags)
  Did you mean '*'?
[WARNING] /tmp/dspace-backend-package-2beaws0r/dspace-backend-java-offline/dspace-backend/dspace-oai/src/main/java/org/dspace/xoai/util/ItemUtils.java:[306,90] [JavaUtilDate] Date has a bad API that leads to bugs; prefer java.time.Instant or LocalDate.
    (see https://errorprone.info/bugpattern/JavaUtilDate)
[WARNING] /tmp/dspace-backend-package-2beaws0r/dspace-backend-java-offline/dspace-backend/dspace-oai/src/main/java/org/dspace/xoai/app/XOAI.java:[597,20] [UnusedVariable] This assignment to the local variable 'solr' is never read.
    (see https://errorprone.info/bugpattern/UnusedVariable)
  Did you mean to remove this line?
[WARNING] /tmp/dspace-backend-package-2beaws0r/dspace-backend-java-offline/dspace-backend/dspace-oai/src/main/java/org/dspace/xoai/app/XOAI.java:[697,16] [UnusedVariable] This assignment to the local variable 'solr' is never read.
    (see https://errorprone.info/bugpattern/UnusedVariable)
  Did you mean to remove this line?
[WARNING] /tmp/dspace-backend-package-2beaws0r/dspace-backend-java-offline/dspace-backend/dspace-oai/src/main/java/org/dspace/xoai/app/XOAI.java:[80,3] [MissingSummary] A summary line is required on public/protected Javadocs.
    (see https://google.github.io/styleguide/javaguide.html#s7.2-summary-fragment)
[WARNING] /tmp/dspace-backend-package-2beaws0r/dspace-backend-java-offline/dspace-backend/dspace-oai/src/main/java/org/dspace/xoai/app/XOAI.java:[175,48] [JavaUtilDate] Date has a bad API that leads to bugs; prefer java.time.Instant or LocalDate.
    (see https://errorprone.info/bugpattern/JavaUtilDate)
[WARNING] /tmp/dspace-backend-package-2beaws0r/dspace-backend-java-offline/dspace-backend/dspace-oai/src/main/java/org/dspace/xoai/app/XOAI.java:[183,105] [JavaUtilDate] Date has a bad API that leads to bugs; prefer java.time.Instant or LocalDate.
    (see https://errorprone.info/bugpattern/JavaUtilDate)
[WARNING] /tmp/dspace-backend-package-2beaws0r/dspace-backend-java-offline/dspace-backend/dspace-oai/src/main/java/org/dspace/xoai/app/XOAI.java:[209,7] [EmptyBlockTag] A block tag (@param, @return, @throws, @deprecated) has an empty description. Block tags without descriptions don't add much value for future readers of the code; consider removing the tag entirely or adding a description.
    (see https://google.github.io/styleguide/javaguide.html#s7.1.3-javadoc-block-tags)
  Did you mean '*'?
[WARNING] /tmp/dspace-backend-package-2beaws0r/dspace-backend-java-offline/dspace-backend/dspace-oai/src/main/java/org/dspace/xoai/app/XOAI.java:[217,31] [JdkObsolete] It is very rare for LinkedList to out-perform ArrayList or ArrayDeque. Avoid it unless you're willing to invest a lot of time into benchmarking. Caveat: LinkedList supports null elements, but ArrayDeque does not.
    (see https://errorprone.info/bugpattern/JdkObsolete)
  Did you mean 'List<Item> items = new ArrayList<>();'?
[WARNING] /tmp/dspace-backend-package-2beaws0r/dspace-backend-java-offline/dspace-backend/dspace-oai/src/main/java/org/dspace/xoai/app/XOAI.java:[235,61] [JavaUtilDate] Date has a bad API that leads to bugs; prefer java.time.Instant or LocalDate.
    (see https://errorprone.info/bugpattern/JavaUtilDate)
[WARNING] /tmp/dspace-backend-package-2beaws0r/dspace-backend-java-offline/dspace-backend/dspace-oai/src/main/java/org/dspace/xoai/app/XOAI.java:[367,7] [EmptyBlockTag] A block tag (@param, @return, @throws, @deprecated) has an empty description. Block tags without descriptions don't add much value for future readers of the code; consider removing the tag entirely or adding a description.
    (see https://google.github.io/styleguide/javaguide.html#s7.1.3-javadoc-block-tags)
  Did you mean '*'?
[WARNING] /tmp/dspace-backend-package-2beaws0r/dspace-backend-java-offline/dspace-backend/dspace-oai/src/main/java/org/dspace/xoai/app/XOAI.java:[370,27] [JdkObsolete] It is very rare for LinkedList to out-perform ArrayList or ArrayDeque. Avoid it unless you're willing to invest a lot of time into benchmarking. Caveat: LinkedList supports null elements, but ArrayDeque does not.
    (see https://errorprone.info/bugpattern/JdkObsolete)
  Did you mean 'List<Date> dates = new ArrayList<>();'?
[WARNING] /tmp/dspace-backend-package-2beaws0r/dspace-backend-java-offline/dspace-backend/dspace-oai/src/main/java/org/dspace/xoai/app/XOAI.java:[373,47] [UnnecessaryParentheses] These grouping parentheses are unnecessary; it is unlikely the code will be misinterpreted without them
    (see https://errorprone.info/bugpattern/UnnecessaryParentheses)
  Did you mean 'if ((policy.getGroup() != null) &&  policy.getGroup().getName().equals("Anonymous")) {'?
[WARNING] /tmp/dspace-backend-package-2beaws0r/dspace-backend-java-offline/dspace-backend/dspace-oai/src/main/java/org/dspace/xoai/app/XOAI.java:[385,19] [JavaUtilDate] Date has a bad API that leads to bugs; prefer java.time.Instant or LocalDate.
    (see https://errorprone.info/bugpattern/JavaUtilDate)
[WARNING] /tmp/dspace-backend-package-2beaws0r/dspace-backend-java-offline/dspace-backend/dspace-oai/src/main/java/org/dspace/xoai/app/XOAI.java:[388,24] [JavaUtilDate] Date has a bad API that leads to bugs; prefer java.time.Instant or LocalDate.
    (see https://errorprone.info/bugpattern/JavaUtilDate)
[WARNING] /tmp/dspace-backend-package-2beaws0r/dspace-backend-java-offline/dspace-backend/dspace-oai/src/main/java/org/dspace/xoai/app/XOAI.java:[495,49] [DefaultCharset] Implicit use of the platform default charset, which can result in differing behaviour between JVM executions or incorrect behavior if the encoding of the data source doesn't match expectations.
    (see https://errorprone.info/bugpattern/DefaultCharset)
  Did you mean 'doc.addField("item.compile", out.toString(UTF_8));' or 'doc.addField("item.compile", out.toString(Charset.defaultCharset()));'?
[WARNING] /tmp/dspace-backend-package-2beaws0r/dspace-backend-java-offline/dspace-backend/dspace-oai/src/main/java/org/dspace/xoai/app/XOAI.java:[507,47] [UnnecessaryParentheses] These grouping parentheses are unnecessary; it is unlikely the code will be misinterpreted without them
    (see https://errorprone.info/bugpattern/UnnecessaryParentheses)
  Did you mean 'if ((policy.getGroup() != null) &&  policy.getGroup().getName().equals("Anonymous")) {'?
[WARNING] /tmp/dspace-backend-package-2beaws0r/dspace-backend-java-offline/dspace-backend/dspace-oai/src/main/java/org/dspace/xoai/app/XOAI.java:[508,80] [JavaUtilDate] Date has a bad API that leads to bugs; prefer java.time.Instant or LocalDate.
    (see https://errorprone.info/bugpattern/JavaUtilDate)
[WARNING] /tmp/dspace-backend-package-2beaws0r/dspace-backend-java-offline/dspace-backend/dspace-oai/src/main/java/org/dspace/xoai/app/XOAI.java:[508,81] [JavaUtilDate] Date has a bad API that leads to bugs; prefer java.time.Instant or LocalDate.
    (see https://errorprone.info/bugpattern/JavaUtilDate)
[WARNING] /tmp/dspace-backend-package-2beaws0r/dspace-backend-java-offline/dspace-backend/dspace-oai/src/main/java/org/dspace/xoai/app/XOAI.java:[511,76] [JavaUtilDate] Date has a bad API that leads to bugs; prefer java.time.Instant or LocalDate.
    (see https://errorprone.info/bugpattern/JavaUtilDate)
[WARNING] /tmp/dspace-backend-package-2beaws0r/dspace-backend-java-offline/dspace-backend/dspace-oai/src/main/java/org/dspace/xoai/app/XOAI.java:[511,77] [JavaUtilDate] Date has a bad API that leads to bugs; prefer java.time.Instant or LocalDate.
    (see https://errorprone.info/bugpattern/JavaUtilDate)
[WARNING] /tmp/dspace-backend-package-2beaws0r/dspace-backend-java-offline/dspace-backend/dspace-oai/src/main/java/org/dspace/xoai/app/XOAI.java:[598,20] [UnnecessaryParentheses] These grouping parentheses are unnecessary; it is unlikely the code will be misinterpreted without them
    (see https://errorprone.info/bugpattern/UnnecessaryParentheses)
  Did you mean 'solr = ! "database".equals(configurationService.getProperty("oai.storage", "solr"));'?
[WARNING] /tmp/dspace-backend-package-2beaws0r/dspace-backend-java-offline/dspace-backend/dspace-oai/src/main/java/org/dspace/xoai/app/XOAI.java:[689,48] [JavaUtilDate] Date has a bad API that leads to bugs; prefer java.time.Instant or LocalDate.
    (see https://errorprone.info/bugpattern/JavaUtilDate)
[WARNING] /tmp/dspace-backend-package-2beaws0r/dspace-backend-java-offline/dspace-backend/dspace-oai/src/main/java/org/dspace/xoai/app/XOAI.java:[698,16] [UnnecessaryParentheses] These grouping parentheses are unnecessary; it is unlikely the code will be misinterpreted without them
    (see https://errorprone.info/bugpattern/UnnecessaryParentheses)
  Did you mean 'solr = ! "database".equals(configurationService.getProperty("oai.storage", "solr"));'?
[WARNING] /tmp/dspace-backend-package-2beaws0r/dspace-backend-java-offline/dspace-backend/dspace-oai/src/main/java/org/dspace/xoai/solr/exceptions/DSpaceSolrIndexerException.java:[12,3] [MissingSummary] A summary line is required on public/protected Javadocs.
    (see https://google.github.io/styleguide/javaguide.html#s7.2-summary-fragment)
[WARNING] /tmp/dspace-backend-package-2beaws0r/dspace-backend-java-offline/dspace-backend/dspace-oai/src/main/java/org/dspace/xoai/exceptions/CompilingException.java:[12,3] [MissingSummary] A summary line is required on public/protected Javadocs.
    (see https://google.github.io/styleguide/javaguide.html#s7.2-summary-fragment)
[WARNING] /tmp/dspace-backend-package-2beaws0r/dspace-backend-java-offline/dspace-backend/dspace-oai/src/main/java/org/dspace/xoai/app/plugins/AccessStatusElementItemCompilePlugin.java:[76,12] [CatchAndPrintStackTrace] Logging or rethrowing exceptions should usually be preferred to catching and calling printStackTrace
    (see https://errorprone.info/bugpattern/CatchAndPrintStackTrace)
[WARNING] /tmp/dspace-backend-package-2beaws0r/dspace-backend-java-offline/dspace-backend/dspace-oai/src/main/java/org/dspace/xoai/controller/DSpaceOAIDataProvider.java:[50,3] [MissingSummary] A summary line is required on public/protected Javadocs.
    (see https://google.github.io/styleguide/javaguide.html#s7.2-summary-fragment)
[WARNING] /tmp/dspace-backend-package-2beaws0r/dspace-backend-java-offline/dspace-backend/dspace-oai/src/main/java/org/dspace/xoai/services/impl/xoai/DSpaceResumptionTokenFormatter.java:[39,32] [UnnecessaryParentheses] These grouping parentheses are unnecessary; it is unlikely the code will be misinterpreted without them
    (see https://errorprone.info/bugpattern/UnnecessaryParentheses)
  Did you mean 'String prefix =  res[0].equals("") ? null : res[0];'?
[WARNING] /tmp/dspace-backend-package-2beaws0r/dspace-backend-java-offline/dspace-backend/dspace-oai/src/main/java/org/dspace/xoai/services/impl/xoai/DSpaceResumptionTokenFormatter.java:[40,29] [UnnecessaryParentheses] These grouping parentheses are unnecessary; it is unlikely the code will be misinterpreted without them
    (see https://errorprone.info/bugpattern/UnnecessaryParentheses)
  Did you mean 'String set =  res[3].equals("") ? null : res[3];'?
[WARNING] /tmp/dspace-backend-package-2beaws0r/dspace-backend-java-offline/dspace-backend/dspace-oai/src/main/java/org/dspace/xoai/services/impl/xoai/DSpaceResumptionTokenFormatter.java:[41,28] [UnnecessaryParentheses] These grouping parentheses are unnecessary; it is unlikely the code will be misinterpreted without them
    (see https://errorprone.info/bugpattern/UnnecessaryParentheses)
  Did you mean 'Date from =  res[1].equals("") ? null : DateUtils.parse(res[1]);'?
[WARNING] /tmp/dspace-backend-package-2beaws0r/dspace-backend-java-offline/dspace-backend/dspace-oai/src/main/java/org/dspace/xoai/data/DSpaceItem.java:[25,3] [MissingSummary] A summary line is required on public/protected Javadocs.
    (see https://google.github.io/styleguide/javaguide.html#s7.2-summary-fragment)
[WARNING] /tmp/dspace-backend-package-2beaws0r/dspace-backend-java-offline/dspace-backend/dspace-oai/src/main/java/org/dspace/xoai/data/DSpaceItem.java:[80,44] [StringSplitter] String.split(String) has surprising behavior
    (see https://errorprone.info/bugpattern/StringSplitter)
  Did you mean 'List<String> parts = Splitter.onPattern(Pattern.quote(":")).splitToList(oaiIdentifier);'?
[WARNING] /tmp/dspace-backend-package-2beaws0r/dspace-backend-java-offline/dspace-backend/dspace-oai/src/main/java/org/dspace/xoai/data/DSpaceItem.java:[89,36] [StringSplitter] String.split(String) has surprising behavior
    (see https://errorprone.info/bugpattern/StringSplitter)
  Did you mean 'List<String> parts = Splitter.onPattern(Pattern.quote(".")).splitToList(field);'?
[WARNING] /tmp/dspace-backend-package-2beaws0r/dspace-backend-java-offline/dspace-backend/dspace-oai/src/main/java/org/dspace/xoai/data/DSpaceItem.java:[125,23] [UnnecessaryParentheses] These grouping parentheses are unnecessary; it is unlikely the code will be misinterpreted without them
    (see https://errorprone.info/bugpattern/UnnecessaryParentheses)
  Did you mean 'return  name.toLowerCase().equals(arg0.getName().toLowerCase());'?
[WARNING] /tmp/dspace-backend-package-2beaws0r/dspace-backend-java-offline/dspace-backend/dspace-oai/src/main/java/org/dspace/xoai/data/DSpaceItem.java:[125,40] [StringCaseLocaleUsage] Specify a `Locale` when calling `String#to{Lower,Upper}Case`. (Note: there are multiple suggested fixes; the third may be most appropriate if you're dealing with ASCII Strings.)
    (see https://errorprone.info/bugpattern/StringCaseLocaleUsage)
  Did you mean 'return (name.toLowerCase(Locale.ROOT).equals(arg0.getName().toLowerCase()));' or 'return (name.toLowerCase(Locale.getDefault()).equals(arg0.getName().toLowerCase()));' or 'return (Ascii.toLowerCase(name).equals(arg0.getName().toLowerCase()));'?
[WARNING] /tmp/dspace-backend-package-2beaws0r/dspace-backend-java-offline/dspace-backend/dspace-oai/src/main/java/org/dspace/xoai/data/DSpaceItem.java:[125,76] [StringCaseLocaleUsage] Specify a `Locale` when calling `String#to{Lower,Upper}Case`. (Note: there are multiple suggested fixes; the third may be most appropriate if you're dealing with ASCII Strings.)
    (see https://errorprone.info/bugpattern/StringCaseLocaleUsage)
  Did you mean 'return (name.toLowerCase().equals(arg0.getName().toLowerCase(Locale.ROOT)));' or 'return (name.toLowerCase().equals(arg0.getName().toLowerCase(Locale.getDefault())));' or 'return (name.toLowerCase().equals(Ascii.toLowerCase(arg0.getName())));'?
[WARNING] /tmp/dspace-backend-package-2beaws0r/dspace-backend-java-offline/dspace-backend/dspace-oai/src/main/java/org/dspace/xoai/data/DSpaceSet.java:[15,3] [MissingSummary] A summary line is required on public/protected Javadocs.
    (see https://google.github.io/styleguide/javaguide.html#s7.2-summary-fragment)
[WARNING] /tmp/dspace-backend-package-2beaws0r/dspace-backend-java-offline/dspace-backend/dspace-oai/src/main/java/org/dspace/xoai/data/DSpaceSolrItem.java:[22,3] [MissingSummary] A summary line is required on public/protected Javadocs.
    (see https://google.github.io/styleguide/javaguide.html#s7.2-summary-fragment)
[WARNING] /tmp/dspace-backend-package-2beaws0r/dspace-backend-java-offline/dspace-backend/dspace-oai/src/main/java/org/dspace/xoai/filter/DSpaceFilter.java:[19,3] [MissingSummary] A summary line is required on public/protected Javadocs.
    (see https://google.github.io/styleguide/javaguide.html#s7.2-summary-fragment)
[WARNING] /tmp/dspace-backend-package-2beaws0r/dspace-backend-java-offline/dspace-backend/dspace-oai/src/main/java/org/dspace/xoai/filter/DSpaceFilter.java:[50,7] [MissingSummary] A summary fragment is required; consider using the value of the @return block as a summary fragment instead.
    (see https://google.github.io/styleguide/javaguide.html#s7.2-summary-fragment)
  Did you mean '*Returns the configuration map if defined in xoai.xml, otherwise null.'?
[WARNING] /tmp/dspace-backend-package-2beaws0r/dspace-backend-java-offline/dspace-backend/dspace-oai/src/main/java/org/dspace/xoai/filter/DSpaceFilter.java:[57,7] [MissingSummary] A summary line is required on public/protected Javadocs.
    (see https://google.github.io/styleguide/javaguide.html#s7.2-summary-fragment)
[WARNING] /tmp/dspace-backend-package-2beaws0r/dspace-backend-java-offline/dspace-backend/dspace-oai/src/main/java/org/dspace/xoai/filter/DSpaceFilter.java:[64,7] [MissingSummary] A summary fragment is required; consider using the value of the @return block as a summary fragment instead.
    (see https://google.github.io/styleguide/javaguide.html#s7.2-summary-fragment)
  Did you mean '*Returns the fieldResolver.'?
[WARNING] /tmp/dspace-backend-package-2beaws0r/dspace-backend-java-offline/dspace-backend/dspace-oai/src/main/java/org/dspace/xoai/filter/DSpaceFilter.java:[71,7] [MissingSummary] A summary line is required on public/protected Javadocs.
    (see https://google.github.io/styleguide/javaguide.html#s7.2-summary-fragment)
[WARNING] /tmp/dspace-backend-package-2beaws0r/dspace-backend-java-offline/dspace-backend/dspace-oai/src/main/java/org/dspace/xoai/filter/DSpaceFilter.java:[78,7] [MissingSummary] A summary fragment is required; consider using the value of the @return block as a summary fragment instead.
    (see https://google.github.io/styleguide/javaguide.html#s7.2-summary-fragment)
  Did you mean '*Returns the context.'?
[WARNING] /tmp/dspace-backend-package-2beaws0r/dspace-backend-java-offline/dspace-backend/dspace-oai/src/main/java/org/dspace/xoai/filter/DSpaceFilter.java:[85,7] [MissingSummary] A summary line is required on public/protected Javadocs.
    (see https://google.github.io/styleguide/javaguide.html#s7.2-summary-fragment)
[WARNING] /tmp/dspace-backend-package-2beaws0r/dspace-backend-java-offline/dspace-backend/dspace-oai/src/main/java/org/dspace/xoai/filter/results/SolrFilterResult.java:[14,3] [MissingSummary] A summary line is required on public/protected Javadocs.
    (see https://google.github.io/styleguide/javaguide.html#s7.2-summary-fragment)
[WARNING] /tmp/dspace-backend-package-2beaws0r/dspace-backend-java-offline/dspace-backend/dspace-oai/src/main/java/org/dspace/xoai/filter/DSpaceAtLeastOneMetadataFilter.java:[33,32] [UnusedVariable] The field 'log' is never read.
    (see https://errorprone.info/bugpattern/UnusedVariable)
  Did you mean to remove this line or 'static { LogManager.getLogger(DSpaceAtLeastOneMetadataFilter.class); }'?
[WARNING] /tmp/dspace-backend-package-2beaws0r/dspace-backend-java-offline/dspace-backend/dspace-oai/src/main/java/org/dspace/xoai/filter/DSpaceAtLeastOneMetadataFilter.java:[30,3] [MissingSummary] A summary line is required on public/protected Javadocs.
    (see https://google.github.io/styleguide/javaguide.html#s7.2-summary-fragment)
[WARNING] /tmp/dspace-backend-package-2beaws0r/dspace-backend-java-offline/dspace-backend/dspace-oai/src/main/java/org/dspace/xoai/filter/DSpaceAtLeastOneMetadataFilter.java:[76,76] [StringCaseLocaleUsage] Specify a `Locale` when calling `String#to{Lower,Upper}Case`. (Note: there are multiple suggested fixes; the third may be most appropriate if you're dealing with ASCII Strings.)
    (see https://errorprone.info/bugpattern/StringCaseLocaleUsage)
  Did you mean '.toUpperCase(Locale.ROOT));' or '.toUpperCase(Locale.getDefault()));' or 'operator = DSpaceMetadataFilterOperator.valueOf(Ascii.toUpperCase(getConfiguration()'?
[WARNING] /tmp/dspace-backend-package-2beaws0r/dspace-backend-java-offline/dspace-backend/dspace-oai/src/main/java/org/dspace/xoai/filter/data/DSpaceMetadataFilterOperator.java:[12,3] [MissingSummary] A summary line is required on public/protected Javadocs.
    (see https://google.github.io/styleguide/javaguide.html#s7.2-summary-fragment)
[WARNING] /tmp/dspace-backend-package-2beaws0r/dspace-backend-java-offline/dspace-backend/dspace-oai/src/main/java/org/dspace/xoai/filter/DSpaceAuthorizationFilter.java:[25,3] [MissingSummary] A summary line is required on public/protected Javadocs.
    (see https://google.github.io/styleguide/javaguide.html#s7.2-summary-fragment)
[WARNING] /tmp/dspace-backend-package-2beaws0r/dspace-backend-java-offline/dspace-backend/dspace-oai/src/main/java/org/dspace/xoai/filter/DSpaceMetadataExistsFilter.java:[31,32] [UnusedVariable] The field 'log' is never read.
    (see https://errorprone.info/bugpattern/UnusedVariable)
  Did you mean to remove this line or 'static { LogManager'?
[WARNING] /tmp/dspace-backend-package-2beaws0r/dspace-backend-java-offline/dspace-backend/dspace-oai/src/main/java/org/dspace/xoai/filter/DSpaceSetSpecFilter.java:[27,33] [UnusedVariable] The field 'handleResolver' is never read.
    (see https://errorprone.info/bugpattern/UnusedVariable)
  Did you mean to remove this line?
[WARNING] /tmp/dspace-backend-package-2beaws0r/dspace-backend-java-offline/dspace-backend/dspace-oai/src/main/java/org/dspace/xoai/filter/DSpaceSetSpecFilter.java:[28,37] [UnusedVariable] The field 'collectionsService' is never read.
    (see https://errorprone.info/bugpattern/UnusedVariable)
  Did you mean to remove this line?
[WARNING] /tmp/dspace-backend-package-2beaws0r/dspace-backend-java-offline/dspace-backend/dspace-oai/src/main/java/org/dspace/xoai/filter/DSpaceSetSpecFilter.java:[21,3] [MissingSummary] A summary line is required on public/protected Javadocs.
    (see https://google.github.io/styleguide/javaguide.html#s7.2-summary-fragment)
[WARNING] /tmp/dspace-backend-package-2beaws0r/dspace-backend-java-offline/dspace-backend/dspace-oai/src/main/java/org/dspace/xoai/filter/DateFromFilter.java:[20,3] [MissingSummary] A summary line is required on public/protected Javadocs.
    (see https://google.github.io/styleguide/javaguide.html#s7.2-summary-fragment)
[WARNING] /tmp/dspace-backend-package-2beaws0r/dspace-backend-java-offline/dspace-backend/dspace-oai/src/main/java/org/dspace/xoai/filter/DateFromFilter.java:[36,41] [JavaUtilDate] Date has a bad API that leads to bugs; prefer java.time.Instant or LocalDate.
    (see https://errorprone.info/bugpattern/JavaUtilDate)
[WARNING] /tmp/dspace-backend-package-2beaws0r/dspace-backend-java-offline/dspace-backend/dspace-oai/src/main/java/org/dspace/xoai/filter/DateUntilFilter.java:[20,3] [MissingSummary] A summary line is required on public/protected Javadocs.
    (see https://google.github.io/styleguide/javaguide.html#s7.2-summary-fragment)
[WARNING] /tmp/dspace-backend-package-2beaws0r/dspace-backend-java-offline/dspace-backend/dspace-oai/src/main/java/org/dspace/xoai/filter/DateUntilFilter.java:[36,41] [JavaUtilDate] Date has a bad API that leads to bugs; prefer java.time.Instant or LocalDate.
    (see https://errorprone.info/bugpattern/JavaUtilDate)
[WARNING] /tmp/dspace-backend-package-2beaws0r/dspace-backend-java-offline/dspace-backend/dspace-oai/src/main/java/org/dspace/xoai/filter/SolrFilterResult.java:[14,3] [MissingSummary] A summary line is required on public/protected Javadocs.
    (see https://google.github.io/styleguide/javaguide.html#s7.2-summary-fragment)
[WARNING] /tmp/dspace-backend-package-2beaws0r/dspace-backend-java-offline/dspace-backend/dspace-oai/src/main/java/org/dspace/xoai/services/impl/DSpaceCollectionsService.java:[35,36] [JdkObsolete] It is very rare for LinkedList to out-perform ArrayList or ArrayDeque. Avoid it unless you're willing to invest a lot of time into benchmarking. Caveat: LinkedList supports null elements, but ArrayDeque does not.
    (see https://errorprone.info/bugpattern/JdkObsolete)
  Did you mean 'Queue<Community> comqueue = new ArrayDeque<>();'?
[WARNING] /tmp/dspace-backend-package-2beaws0r/dspace-backend-java-offline/dspace-backend/dspace-oai/src/main/java/org/dspace/xoai/services/impl/DSpaceCollectionsService.java:[59,33] [JdkObsolete] It is very rare for LinkedList to out-perform ArrayList or ArrayDeque. Avoid it unless you're willing to invest a lot of time into benchmarking. Caveat: LinkedList supports null elements, but ArrayDeque does not.
    (see https://errorprone.info/bugpattern/JdkObsolete)
  Did you mean 'Queue<Community> queue = new ArrayDeque<>();'?
[WARNING] /tmp/dspace-backend-package-2beaws0r/dspace-backend-java-offline/dspace-backend/dspace-oai/src/main/java/org/dspace/xoai/services/impl/DSpaceCollectionsService.java:[82,33] [JdkObsolete] It is very rare for LinkedList to out-perform ArrayList or ArrayDeque. Avoid it unless you're willing to invest a lot of time into benchmarking. Caveat: LinkedList supports null elements, but ArrayDeque does not.
    (see https://errorprone.info/bugpattern/JdkObsolete)
  Did you mean 'Queue<Community> queue = new ArrayDeque<>();'?
[WARNING] /tmp/dspace-backend-package-2beaws0r/dspace-backend-java-offline/dspace-backend/dspace-oai/src/main/java/org/dspace/xoai/services/impl/DSpaceCollectionsService.java:[104,33] [JdkObsolete] It is very rare for LinkedList to out-perform ArrayList or ArrayDeque. Avoid it unless you're willing to invest a lot of time into benchmarking. Caveat: LinkedList supports null elements, but ArrayDeque does not.
    (see https://errorprone.info/bugpattern/JdkObsolete)
  Did you mean 'Queue<Community> queue = new ArrayDeque<>();'?
[WARNING] /tmp/dspace-backend-package-2beaws0r/dspace-backend-java-offline/dspace-backend/dspace-oai/src/main/java/org/dspace/xoai/services/impl/DSpaceEarliestDateResolver.java:[56,15] [JavaUtilDate] Date has a bad API that leads to bugs; prefer java.time.Instant or LocalDate.
    (see https://errorprone.info/bugpattern/JavaUtilDate)
[WARNING] /tmp/dspace-backend-package-2beaws0r/dspace-backend-java-offline/dspace-backend/dspace-oai/src/main/java/org/dspace/xoai/services/impl/DSpaceFieldResolver.java:[32,41] [StringSplitter] String.split(String) has surprising behavior
    (see https://errorprone.info/bugpattern/StringSplitter)
  Did you mean 'List<String> pieces = Splitter.onPattern(Pattern.quote(".")).splitToList(field);'?
[WARNING] /tmp/dspace-backend-package-2beaws0r/dspace-backend-java-offline/dspace-backend/dspace-oai/src/main/java/org/dspace/xoai/services/impl/MetadataFieldCache.java:[20,26] [UnusedVariable] The field 'log' is never read.
    (see https://errorprone.info/bugpattern/UnusedVariable)
  Did you mean to remove this line or 'static { LogManager'?
[WARNING] /tmp/dspace-backend-package-2beaws0r/dspace-backend-java-offline/dspace-backend/dspace-oai/src/main/java/org/dspace/xoai/services/impl/MetadataFieldCache.java:[17,3] [MissingSummary] A summary line is required on public/protected Javadocs.
    (see https://google.github.io/styleguide/javaguide.html#s7.2-summary-fragment)
[WARNING] /tmp/dspace-backend-package-2beaws0r/dspace-backend-java-offline/dspace-backend/dspace-oai/src/main/java/org/dspace/xoai/services/impl/MetadataFieldCache.java:[38,26] [BoxedPrimitiveConstructor] valueOf or autoboxing provides better time and space performance
    (see https://errorprone.info/bugpattern/BoxedPrimitiveConstructor)
  Did you mean 'fields.put(field, Integer.valueOf(id));'?
[WARNING] /tmp/dspace-backend-package-2beaws0r/dspace-backend-java-offline/dspace-backend/dspace-oai/src/main/java/org/dspace/xoai/services/impl/cache/DSpaceXOAICacheService.java:[55,19] [UnnecessaryParentheses] These grouping parentheses are unnecessary; it is unlikely the code will be misinterpreted without them
    (see https://errorprone.info/bugpattern/UnnecessaryParentheses)
  Did you mean '+ ( manager.hasStyleSheet() ? ("<?xml-stylesheet type=\"text/xsl\" href=\""'?
[WARNING] /tmp/dspace-backend-package-2beaws0r/dspace-backend-java-offline/dspace-backend/dspace-oai/src/main/java/org/dspace/xoai/services/impl/cache/DSpaceXOAICacheService.java:[95,37] [JavaUtilDate] Date has a bad API that leads to bugs; prefer java.time.Instant or LocalDate.
    (see https://errorprone.info/bugpattern/JavaUtilDate)
[WARNING] /tmp/dspace-backend-package-2beaws0r/dspace-backend-java-offline/dspace-backend/dspace-oai/src/main/java/org/dspace/xoai/services/impl/cache/DSpaceXOAICacheService.java:[109,49] [DefaultCharset] Implicit use of the platform default charset, which can result in differing behaviour between JVM executions or incorrect behavior if the encoding of the data source doesn't match expectations.
    (see https://errorprone.info/bugpattern/DefaultCharset)
  Did you mean 'String xoaiResponse = output.toString(UTF_8);' or 'String xoaiResponse = output.toString(Charset.defaultCharset());'?
[WARNING] /tmp/dspace-backend-package-2beaws0r/dspace-backend-java-offline/dspace-backend/dspace-oai/src/main/java/org/dspace/xoai/services/impl/cache/DSpaceXOAICacheService.java:[115,60] [UnnecessaryParentheses] These grouping parentheses are unnecessary; it is unlikely the code will be misinterpreted without them
    (see https://errorprone.info/bugpattern/UnnecessaryParentheses)
  Did you mean 'xoaiResponse = xoaiResponse.substring(pos +  end.length());'?
[WARNING] /tmp/dspace-backend-package-2beaws0r/dspace-backend-java-offline/dspace-backend/dspace-oai/src/main/java/org/dspace/xoai/services/impl/config/DSpaceConfigurationService.java:[34,16] [MissingOverride] ensureRequiredConfiguration implements method in ConfigurationService; expected @Override
    (see https://errorprone.info/bugpattern/MissingOverride)
  Did you mean '@Override public void ensureRequiredConfiguration() {'?
[WARNING] /tmp/dspace-backend-package-2beaws0r/dspace-backend-java-offline/dspace-backend/dspace-oai/src/main/java/org/dspace/xoai/services/impl/set/DSpaceSetSpecResolver.java:[31,27] [UnusedVariable] The field 'contextService' is never read.
    (see https://errorprone.info/bugpattern/UnusedVariable)
  Did you mean to remove this line?
[WARNING] /tmp/dspace-backend-package-2beaws0r/dspace-backend-java-offline/dspace-backend/dspace-oai/src/main/java/org/dspace/xoai/services/impl/set/DSpaceSetSpecResolver.java:[42,37] [StringSplitter] String.split(String) has surprising behavior
    (see https://errorprone.info/bugpattern/StringSplitter)
  Did you mean 'List<String> split = Splitter.on('/').splitToList(handle);'?
[WARNING] /tmp/dspace-backend-package-2beaws0r/dspace-backend-java-offline/dspace-backend/dspace-oai/src/main/java/org/dspace/xoai/services/impl/set/DSpaceSetSpecResolver.java:[53,37] [StringSplitter] String.split(String) has surprising behavior
    (see https://errorprone.info/bugpattern/StringSplitter)
  Did you mean 'List<String> split = Splitter.on('/').splitToList(handle);'?
[WARNING] /tmp/dspace-backend-package-2beaws0r/dspace-backend-java-offline/dspace-backend/dspace-oai/src/main/java/org/dspace/xoai/services/impl/set/DSpaceSetSpecResolver.java:[96,65] [StringCaseLocaleUsage] Specify a `Locale` when calling `String#to{Lower,Upper}Case`. (Note: there are multiple suggested fixes; the third may be most appropriate if you're dealing with ASCII Strings.)
    (see https://errorprone.info/bugpattern/StringCaseLocaleUsage)
  Did you mean '.getProperty("oai", clazz.getSimpleName().toLowerCase(Locale.ROOT) + ".setSpecFormat");' or '.getProperty("oai", clazz.getSimpleName().toLowerCase(Locale.getDefault()) + ".setSpecFormat");' or '.getProperty("oai", Ascii.toLowerCase(clazz.getSimpleName()) + ".setSpecFormat");'?
[WARNING] /tmp/dspace-backend-package-2beaws0r/dspace-backend-java-offline/dspace-backend/dspace-oai/src/main/java/org/dspace/xoai/services/impl/xoai/BaseDSpaceFilterResolver.java:[75,44] [ClassNewInstance] Class.newInstance() bypasses exception checking; prefer getDeclaredConstructor().newInstance()
    (see https://errorprone.info/bugpattern/ClassNewInstance)
  Did you mean 'result = filterClass.getDeclaredConstructor().newInstance();'?
[WARNING] /tmp/dspace-backend-package-2beaws0r/dspace-backend-java-offline/dspace-backend/dspace-oai/src/main/java/org/dspace/xoai/services/impl/xoai/DSpaceItemRepository.java:[28,3] [MissingSummary] A summary line is required on public/protected Javadocs.
    (see https://google.github.io/styleguide/javaguide.html#s7.2-summary-fragment)
[WARNING] /tmp/dspace-backend-package-2beaws0r/dspace-backend-java-offline/dspace-backend/dspace-oai/src/main/java/org/dspace/xoai/services/impl/xoai/DSpaceItemSolrRepository.java:[40,3] [MissingSummary] A summary line is required on public/protected Javadocs.
    (see https://google.github.io/styleguide/javaguide.html#s7.2-summary-fragment)
[WARNING] /tmp/dspace-backend-package-2beaws0r/dspace-backend-java-offline/dspace-backend/dspace-oai/src/main/java/org/dspace/xoai/services/impl/xoai/DSpaceItemSolrRepository.java:[59,41] [StringSplitter] String.split(String) has surprising behavior
    (see https://errorprone.info/bugpattern/StringSplitter)
  Did you mean 'List<String> = Splitter.onPattern(Pattern.quote(":")).splitToList(identifier);'?
[WARNING] /tmp/dspace-backend-package-2beaws0r/dspace-backend-java-offline/dspace-backend/dspace-oai/src/main/java/org/dspace/xoai/services/impl/xoai/DSpaceItemSolrRepository.java:[117,12] [ClassCanBeStatic] Inner class is non-static but does not reference enclosing class
    (see https://errorprone.info/bugpattern/ClassCanBeStatic)
  Did you mean 'private static class QueryResult {'?
[WARNING] /tmp/dspace-backend-package-2beaws0r/dspace-backend-java-offline/dspace-backend/dspace-oai/src/main/java/org/dspace/xoai/solr/exceptions/DSpaceSolrException.java:[11,3] [MissingSummary] A summary line is required on public/protected Javadocs.
    (see https://google.github.io/styleguide/javaguide.html#s7.2-summary-fragment)
[WARNING] /tmp/dspace-backend-package-2beaws0r/dspace-backend-java-offline/dspace-backend/dspace-oai/src/main/java/org/dspace/xoai/services/impl/xoai/DSpaceRepositoryConfiguration.java:[36,3] [MissingSummary] A summary line is required on public/protected Javadocs.
    (see https://google.github.io/styleguide/javaguide.html#s7.2-summary-fragment)
[WARNING] /tmp/dspace-backend-package-2beaws0r/dspace-backend-java-offline/dspace-backend/dspace-oai/src/main/java/org/dspace/xoai/services/impl/xoai/DSpaceRepositoryConfiguration.java:[113,15] [JavaUtilDate] Date has a bad API that leads to bugs; prefer java.time.Instant or LocalDate.
    (see https://errorprone.info/bugpattern/JavaUtilDate)
[WARNING] /tmp/dspace-backend-package-2beaws0r/dspace-backend-java-offline/dspace-backend/dspace-oai/src/main/java/org/dspace/xoai/services/impl/xoai/DSpaceSetRepository.java:[31,3] [MissingSummary] A summary line is required on public/protected Javadocs.
    (see https://google.github.io/styleguide/javaguide.html#s7.2-summary-fragment)
[WARNING] /tmp/dspace-backend-package-2beaws0r/dspace-backend-java-offline/dspace-backend/dspace-oai/src/main/java/org/dspace/xoai/solr/DSpaceSolrSearch.java:[24,3] [MissingSummary] A summary line is required on public/protected Javadocs.
    (see https://google.github.io/styleguide/javaguide.html#s7.2-summary-fragment)
[INFO] 
[INFO] --- resources:3.5.0:testResources (default-testResources) @ dspace-oai ---
[INFO] Copying 3 resources from src/test/resources to target/test-classes
[INFO] 
[INFO] --- xml:1.2.1:validate (validate-ALL-xml-and-xsl) @ dspace-oai ---
[INFO] 
[INFO] --- compiler:3.15.0:testCompile (default-testCompile) @ dspace-oai ---
[INFO] Recompiling the module because of changed dependency.
[INFO] Compiling 9 source files with javac [forked debug release 11] to target/test-classes
[WARNING] /tmp/dspace-backend-package-2beaws0r/dspace-backend-java-offline/dspace-backend/dspace-oai/src/test/java/org/dspace/xoai/tests/stylesheets/AbstractXSLTest.java:[55,40] [DefaultCharset] Implicit use of the platform default charset, which can result in differing behaviour between JVM executions or incorrect behavior if the encoding of the data source doesn't match expectations.
    (see https://errorprone.info/bugpattern/DefaultCharset)
  Did you mean 'return outputStream.toString(UTF_8);' or 'return outputStream.toString(Charset.defaultCharset());'?
[WARNING] /tmp/dspace-backend-package-2beaws0r/dspace-backend-java-offline/dspace-backend/dspace-oai/src/test/java/org/dspace/xoai/tests/unit/services/impl/solr/DSpaceSolrQueryResolverTest.java:[37,37] [JavaUtilDate] Date has a bad API that leads to bugs; prefer java.time.Instant or LocalDate.
    (see https://errorprone.info/bugpattern/JavaUtilDate)
[INFO] 
[INFO] --- surefire:2.22.2:test (default-test) @ dspace-oai ---
[INFO] Tests are skipped.
[INFO] 
[INFO] --- jar:3.5.0:jar (default-jar) @ dspace-oai ---
[INFO] Building jar: /tmp/dspace-backend-package-2beaws0r/dspace-backend-java-offline/dspace-backend/dspace-oai/target/dspace-oai-7.6.7.jar
[INFO] 
[INFO] -----------------------< org.dspace:dspace-rdf >------------------------
[INFO] Building DSpace RDF 7.6.7                                         [8/13]
[INFO]   from dspace-rdf/pom.xml
[INFO] --------------------------------[ jar ]---------------------------------
[INFO] 
[INFO] --- enforcer:3.6.2:enforce (enforce-java) @ dspace-rdf ---
[INFO] 
[INFO] --- enforcer:3.6.2:enforce (enforce-versions) @ dspace-rdf ---
[INFO] Rule 0: org.apache.maven.enforcer.rules.dependency.DependencyConvergence passed
[INFO] 
[INFO] --- enforcer:3.6.2:enforce (ban-dependencies) @ dspace-rdf ---
[INFO] Rule 0: org.apache.maven.enforcer.rules.dependency.BannedDependencies passed
[INFO] 
[INFO] --- resources:3.5.0:resources (default-resources) @ dspace-rdf ---
[INFO] skip non existing resourceDirectory /tmp/dspace-backend-package-2beaws0r/dspace-backend-java-offline/dspace-backend/dspace-rdf/src/main/resources
[INFO] 
[INFO] --- compiler:3.15.0:compile (default-compile) @ dspace-rdf ---
[INFO] Recompiling the module because of changed dependency.
[INFO] Compiling 4 source files with javac [forked debug release 11] to target/classes
[WARNING] /tmp/dspace-backend-package-2beaws0r/dspace-backend-java-offline/dspace-backend/dspace-rdf/src/main/java/org/dspace/rdf/providing/DataProviderServlet.java:[136,14] [UnusedVariable] This assignment to the local variable 'result' is never read.
    (see https://errorprone.info/bugpattern/UnusedVariable)
  Did you mean to remove this line?
[WARNING] /tmp/dspace-backend-package-2beaws0r/dspace-backend-java-offline/dspace-backend/dspace-rdf/src/main/java/org/dspace/rdf/providing/DataProviderServlet.java:[30,3] [MissingSummary] A summary line is required on public/protected Javadocs.
    (see https://google.github.io/styleguide/javaguide.html#s7.2-summary-fragment)
[WARNING] /tmp/dspace-backend-package-2beaws0r/dspace-backend-java-offline/dspace-backend/dspace-rdf/src/main/java/org/dspace/rdf/providing/DataProviderServlet.java:[70,64] [StringSplitter] String.split(String) has surprising behavior
    (see https://errorprone.info/bugpattern/StringSplitter)
  Did you mean 'List<String> path = Splitter.on('/').splitToList(request.getPathInfo().substring(1));'?
[WARNING] /tmp/dspace-backend-package-2beaws0r/dspace-backend-java-offline/dspace-backend/dspace-rdf/src/main/java/org/dspace/rdf/providing/DataProviderServlet.java:[190,51] [StringSplitter] String.split(String) has surprising behavior
    (see https://errorprone.info/bugpattern/StringSplitter)
  Did you mean 'List<String> path = Splitter.on('/').splitToList(request.getPathInfo());'?
[WARNING] /tmp/dspace-backend-package-2beaws0r/dspace-backend-java-offline/dspace-backend/dspace-rdf/src/main/java/org/dspace/rdf/providing/DataProviderServlet.java:[219,19] [MissingOverride] doGet overrides method in HttpServlet; expected @Override
    (see https://errorprone.info/bugpattern/MissingOverride)
  Did you mean '@Override protected void doGet(HttpServletRequest request, HttpServletResponse response)'?
[WARNING] /tmp/dspace-backend-package-2beaws0r/dspace-backend-java-offline/dspace-backend/dspace-rdf/src/main/java/org/dspace/rdf/providing/DataProviderServlet.java:[233,19] [MissingOverride] doPost overrides method in HttpServlet; expected @Override
    (see https://errorprone.info/bugpattern/MissingOverride)
  Did you mean '@Override protected void doPost(HttpServletRequest request, HttpServletResponse response)'?
[WARNING] /tmp/dspace-backend-package-2beaws0r/dspace-backend-java-offline/dspace-backend/dspace-rdf/src/main/java/org/dspace/rdf/providing/DataProviderServlet.java:[243,18] [MissingOverride] getServletInfo overrides method in GenericServlet; expected @Override
    (see https://errorprone.info/bugpattern/MissingOverride)
  Did you mean '@Override public String getServletInfo() {'?
[WARNING] /tmp/dspace-backend-package-2beaws0r/dspace-backend-java-offline/dspace-backend/dspace-rdf/src/main/java/org/dspace/rdf/providing/LocalURIRedirectionServlet.java:[26,3] [MissingSummary] A summary line is required on public/protected Javadocs.
    (see https://google.github.io/styleguide/javaguide.html#s7.2-summary-fragment)
[WARNING] /tmp/dspace-backend-package-2beaws0r/dspace-backend-java-offline/dspace-backend/dspace-rdf/src/main/java/org/dspace/rdf/providing/LocalURIRedirectionServlet.java:[58,64] [StringSplitter] String.split(String) has surprising behavior
    (see https://errorprone.info/bugpattern/StringSplitter)
  Did you mean 'List<String> path = Splitter.on('/').splitToList(request.getPathInfo().substring(1));'?
[WARNING] /tmp/dspace-backend-package-2beaws0r/dspace-backend-java-offline/dspace-backend/dspace-rdf/src/main/java/org/dspace/utils/DSpaceWebapp.java:[15,3] [MissingSummary] A summary line is required on public/protected Javadocs.
    (see https://google.github.io/styleguide/javaguide.html#s7.2-summary-fragment)
[INFO] 
[INFO] --- resources:3.5.0:testResources (default-testResources) @ dspace-rdf ---
[INFO] skip non existing resourceDirectory /tmp/dspace-backend-package-2beaws0r/dspace-backend-java-offline/dspace-backend/dspace-rdf/src/test/resources
[INFO] 
[INFO] --- xml:1.2.1:validate (validate-ALL-xml-and-xsl) @ dspace-rdf ---
[INFO] 
[INFO] --- compiler:3.15.0:testCompile (default-testCompile) @ dspace-rdf ---
[INFO] No sources to compile
[INFO] 
[INFO] --- surefire:2.22.2:test (default-test) @ dspace-rdf ---
[INFO] Tests are skipped.
[INFO] 
[INFO] --- jar:3.5.0:jar (default-jar) @ dspace-rdf ---
[INFO] Building jar: /tmp/dspace-backend-package-2beaws0r/dspace-backend-java-offline/dspace-backend/dspace-rdf/target/dspace-rdf-7.6.7.jar
[INFO] 
[INFO] ----------------------< org.dspace:dspace-sword >-----------------------
[INFO] Building DSpace SWORD 7.6.7                                       [9/13]
[INFO]   from dspace-sword/pom.xml
[INFO] --------------------------------[ jar ]---------------------------------
[INFO] 
[INFO] --- enforcer:3.6.2:enforce (enforce-java) @ dspace-sword ---
[INFO] 
[INFO] --- enforcer:3.6.2:enforce (enforce-versions) @ dspace-sword ---
[INFO] Rule 0: org.apache.maven.enforcer.rules.dependency.DependencyConvergence passed
[INFO] 
[INFO] --- enforcer:3.6.2:enforce (ban-dependencies) @ dspace-sword ---
[INFO] Rule 0: org.apache.maven.enforcer.rules.dependency.BannedDependencies passed
[INFO] 
[INFO] --- resources:3.5.0:resources (default-resources) @ dspace-sword ---
[INFO] skip non existing resourceDirectory /tmp/dspace-backend-package-2beaws0r/dspace-backend-java-offline/dspace-backend/dspace-sword/src/main/resources
[INFO] 
[INFO] --- compiler:3.15.0:compile (default-compile) @ dspace-sword ---
[INFO] Recompiling the module because of changed dependency.
[INFO] Compiling 99 source files with javac [forked debug release 11] to target/classes
[WARNING] /tmp/dspace-backend-package-2beaws0r/dspace-backend-java-offline/dspace-backend/dspace-sword/src/main/java/org/dspace/sword/ATOMCollectionGenerator.java:[14,3] [MissingSummary] A summary line is required on public/protected Javadocs.
    (see https://google.github.io/styleguide/javaguide.html#s7.2-summary-fragment)
[WARNING] /tmp/dspace-backend-package-2beaws0r/dspace-backend-java-offline/dspace-backend/dspace-sword/src/main/java/org/dspace/sword/SWORDService.java:[23,3] [MissingSummary] A summary line is required on public/protected Javadocs.
    (see https://google.github.io/styleguide/javaguide.html#s7.2-summary-fragment)
[WARNING] /tmp/dspace-backend-package-2beaws0r/dspace-backend-java-offline/dspace-backend/dspace-sword/src/main/java/org/dspace/sword/SWORDService.java:[135,39] [JavaUtilDate] Date has a bad API that leads to bugs; prefer java.time.Instant or LocalDate.
    (see https://errorprone.info/bugpattern/JavaUtilDate)
[WARNING] /tmp/dspace-backend-package-2beaws0r/dspace-backend-java-offline/dspace-backend/dspace-sword/src/main/java/org/dspace/sword/SWORDService.java:[169,43] [JavaUtilDate] Date has a bad API that leads to bugs; prefer java.time.Instant or LocalDate.
    (see https://errorprone.info/bugpattern/JavaUtilDate)
[WARNING] /tmp/dspace-backend-package-2beaws0r/dspace-backend-java-offline/dspace-backend/dspace-sword/src/main/java/org/dspace/sword/SWORDService.java:[190,46] [JavaUtilDate] Date has a bad API that leads to bugs; prefer java.time.Instant or LocalDate.
    (see https://errorprone.info/bugpattern/JavaUtilDate)
[WARNING] /tmp/dspace-backend-package-2beaws0r/dspace-backend-java-offline/dspace-backend/dspace-sword/src/main/java/org/dspace/sword/SWORDService.java:[190,26] [UnnecessaryParentheses] These grouping parentheses are unnecessary; it is unlikely the code will be misinterpreted without them
    (see https://errorprone.info/bugpattern/UnnecessaryParentheses)
  Did you mean 'return "sword-" +  new Date().getTime();'?
[WARNING] /tmp/dspace-backend-package-2beaws0r/dspace-backend-java-offline/dspace-backend/dspace-sword/src/main/java/org/dspace/sword/SWORDService.java:[190,27] [JavaUtilDate] Date has a bad API that leads to bugs; prefer java.time.Instant or LocalDate.
    (see https://errorprone.info/bugpattern/JavaUtilDate)
[WARNING] /tmp/dspace-backend-package-2beaws0r/dspace-backend-java-offline/dspace-backend/dspace-sword/src/main/java/org/purl/sword/base/Collection.java:[387,19] [MissingOverride] marshall implements method in SwordElementInterface; expected @Override
    (see https://errorprone.info/bugpattern/MissingOverride)
  Did you mean '@Override public Element marshall() {'?
[WARNING] /tmp/dspace-backend-package-2beaws0r/dspace-backend-java-offline/dspace-backend/dspace-sword/src/main/java/org/purl/sword/base/Collection.java:[439,16] [MissingOverride] unmarshall implements method in SwordElementInterface; expected @Override
    (see https://errorprone.info/bugpattern/MissingOverride)
  Did you mean '@Override public void unmarshall(Element collection)'?
[WARNING] /tmp/dspace-backend-package-2beaws0r/dspace-backend-java-offline/dspace-backend/dspace-sword/src/main/java/org/purl/sword/base/Collection.java:[591,7] [MissingSummary] A summary fragment is required; consider using the value of the @return block as a summary fragment instead.
    (see https://google.github.io/styleguide/javaguide.html#s7.2-summary-fragment)
  Did you mean '*Returns sWORD validation info.'?
[WARNING] /tmp/dspace-backend-package-2beaws0r/dspace-backend-java-offline/dspace-backend/dspace-sword/src/main/java/org/purl/sword/base/XmlElement.java:[36,4] [MissingSummary] A summary line is required on public/protected Javadocs.
    (see https://google.github.io/styleguide/javaguide.html#s7.2-summary-fragment)
[WARNING] /tmp/dspace-backend-package-2beaws0r/dspace-backend-java-offline/dspace-backend/dspace-sword/src/main/java/org/purl/sword/atom/TextConstruct.java:[94,4] [MissingSummary] A summary line is required on public/protected Javadocs.
    (see https://google.github.io/styleguide/javaguide.html#s7.2-summary-fragment)
[WARNING] /tmp/dspace-backend-package-2beaws0r/dspace-backend-java-offline/dspace-backend/dspace-sword/src/main/java/org/purl/sword/atom/TextConstruct.java:[104,19] [MissingOverride] marshall implements method in SwordElementInterface; expected @Override
    (see https://errorprone.info/bugpattern/MissingOverride)
  Did you mean '@Override public Element marshall() {'?
[WARNING] /tmp/dspace-backend-package-2beaws0r/dspace-backend-java-offline/dspace-backend/dspace-sword/src/main/java/org/purl/sword/atom/TextConstruct.java:[130,16] [MissingOverride] unmarshall implements method in SwordElementInterface; expected @Override
    (see https://errorprone.info/bugpattern/MissingOverride)
  Did you mean '@Override public void unmarshall(Element text)'?
[WARNING] /tmp/dspace-backend-package-2beaws0r/dspace-backend-java-offline/dspace-backend/dspace-sword/src/main/java/org/purl/sword/atom/TextConstruct.java:[136,7] [MissingSummary] A summary line is required on public/protected Javadocs.
    (see https://google.github.io/styleguide/javaguide.html#s7.2-summary-fragment)
[WARNING] /tmp/dspace-backend-package-2beaws0r/dspace-backend-java-offline/dspace-backend/dspace-sword/src/main/java/org/purl/sword/atom/TextConstruct.java:[214,31] [MissingOverride] validate implements method in XmlElement; expected @Override
    (see https://errorprone.info/bugpattern/MissingOverride)
  Did you mean '@Override public SwordValidationInfo validate(Properties validationContext) {'?
[WARNING] /tmp/dspace-backend-package-2beaws0r/dspace-backend-java-offline/dspace-backend/dspace-sword/src/main/java/org/purl/sword/atom/TextConstruct.java:[219,7] [MissingSummary] A summary fragment is required; consider using the value of the @return block as a summary fragment instead.
    (see https://google.github.io/styleguide/javaguide.html#s7.2-summary-fragment)
  Did you mean '*Returns sWORD validation info.'?
[WARNING] /tmp/dspace-backend-package-2beaws0r/dspace-backend-java-offline/dspace-backend/dspace-sword/src/main/java/org/purl/sword/atom/TextConstruct.java:[293,18] [MissingOverride] toString overrides method in Object; expected @Override
    (see https://errorprone.info/bugpattern/MissingOverride)
  Did you mean '@Override public String toString() {'?
[WARNING] /tmp/dspace-backend-package-2beaws0r/dspace-backend-java-offline/dspace-backend/dspace-sword/src/main/java/org/purl/sword/atom/Accept.java:[15,3] [MissingSummary] A summary line is required on public/protected Javadocs.
    (see https://google.github.io/styleguide/javaguide.html#s7.2-summary-fragment)
[WARNING] /tmp/dspace-backend-package-2beaws0r/dspace-backend-java-offline/dspace-backend/dspace-sword/src/main/java/org/purl/sword/base/BasicStringContentElement.java:[15,3] [MissingSummary] A summary line is required on public/protected Javadocs.
    (see https://google.github.io/styleguide/javaguide.html#s7.2-summary-fragment)
[WARNING] /tmp/dspace-backend-package-2beaws0r/dspace-backend-java-offline/dspace-backend/dspace-sword/src/main/java/org/purl/sword/base/BasicStringContentElement.java:[36,19] [MissingOverride] marshallContent implements method in BasicContentElement; expected @Override
    (see https://errorprone.info/bugpattern/MissingOverride)
  Did you mean '@Override protected void marshallContent(Element element) {'?
[WARNING] /tmp/dspace-backend-package-2beaws0r/dspace-backend-java-offline/dspace-backend/dspace-sword/src/main/java/org/purl/sword/base/BasicStringContentElement.java:[42,19] [MissingOverride] unmarshallContent implements method in BasicContentElement; expected @Override
    (see https://errorprone.info/bugpattern/MissingOverride)
  Did you mean '@Override protected void unmarshallContent(Element element)'?
[WARNING] /tmp/dspace-backend-package-2beaws0r/dspace-backend-java-offline/dspace-backend/dspace-sword/src/main/java/org/purl/sword/base/BasicStringContentElement.java:[47,34] [MissingOverride] validateContent implements method in BasicContentElement; expected @Override
    (see https://errorprone.info/bugpattern/MissingOverride)
  Did you mean '@Override protected SwordValidationInfo validateContent(Properties validationContext) {'?
[WARNING] /tmp/dspace-backend-package-2beaws0r/dspace-backend-java-offline/dspace-backend/dspace-sword/src/main/java/org/purl/sword/base/BasicStringContentElement.java:[58,21] [MissingOverride] getContentAsString implements method in BasicContentElement; expected @Override
    (see https://errorprone.info/bugpattern/MissingOverride)
  Did you mean '@Override protected String getContentAsString() {'?
[WARNING] /tmp/dspace-backend-package-2beaws0r/dspace-backend-java-offline/dspace-backend/dspace-sword/src/main/java/org/purl/sword/base/BasicContentElement.java:[43,19] [MissingOverride] marshall implements method in SwordElementInterface; expected @Override
    (see https://errorprone.info/bugpattern/MissingOverride)
  Did you mean '@Override public Element marshall() {'?
[WARNING] /tmp/dspace-backend-package-2beaws0r/dspace-backend-java-offline/dspace-backend/dspace-sword/src/main/java/org/purl/sword/base/BasicContentElement.java:[110,16] [MissingOverride] unmarshall implements method in SwordElementInterface; expected @Override
    (see https://errorprone.info/bugpattern/MissingOverride)
  Did you mean '@Override public void unmarshall(Element element)'?
[WARNING] /tmp/dspace-backend-package-2beaws0r/dspace-backend-java-offline/dspace-backend/dspace-sword/src/main/java/org/purl/sword/base/BasicContentElement.java:[121,7] [MissingSummary] A summary fragment is required; consider using the value of the @return block as a summary fragment instead.
    (see https://google.github.io/styleguide/javaguide.html#s7.2-summary-fragment)
  Did you mean '*Returns sWORD validation info.'?
[WARNING] /tmp/dspace-backend-package-2beaws0r/dspace-backend-java-offline/dspace-backend/dspace-sword/src/main/java/org/purl/sword/base/SwordMediation.java:[11,3] [MissingSummary] A summary line is required on public/protected Javadocs.
    (see https://google.github.io/styleguide/javaguide.html#s7.2-summary-fragment)
[WARNING] /tmp/dspace-backend-package-2beaws0r/dspace-backend-java-offline/dspace-backend/dspace-sword/src/main/java/org/purl/sword/base/BasicBooleanContentElement.java:[15,3] [MissingSummary] A summary line is required on public/protected Javadocs.
    (see https://google.github.io/styleguide/javaguide.html#s7.2-summary-fragment)
[WARNING] /tmp/dspace-backend-package-2beaws0r/dspace-backend-java-offline/dspace-backend/dspace-sword/src/main/java/org/purl/sword/base/BasicBooleanContentElement.java:[43,19] [MissingOverride] marshallContent implements method in BasicContentElement; expected @Override
    (see https://errorprone.info/bugpattern/MissingOverride)
  Did you mean '@Override protected void marshallContent(Element element) {'?
[WARNING] /tmp/dspace-backend-package-2beaws0r/dspace-backend-java-offline/dspace-backend/dspace-sword/src/main/java/org/purl/sword/base/BasicBooleanContentElement.java:[47,19] [MissingOverride] unmarshallContent implements method in BasicContentElement; expected @Override
    (see https://errorprone.info/bugpattern/MissingOverride)
  Did you mean '@Override protected void unmarshallContent(Element element)'?
[WARNING] /tmp/dspace-backend-package-2beaws0r/dspace-backend-java-offline/dspace-backend/dspace-sword/src/main/java/org/purl/sword/base/BasicBooleanContentElement.java:[52,34] [MissingOverride] validateContent implements method in BasicContentElement; expected @Override
    (see https://errorprone.info/bugpattern/MissingOverride)
  Did you mean '@Override protected SwordValidationInfo validateContent(Properties validationContext) {'?
[WARNING] /tmp/dspace-backend-package-2beaws0r/dspace-backend-java-offline/dspace-backend/dspace-sword/src/main/java/org/purl/sword/base/BasicBooleanContentElement.java:[62,21] [MissingOverride] getContentAsString implements method in BasicContentElement; expected @Override
    (see https://errorprone.info/bugpattern/MissingOverride)
  Did you mean '@Override protected String getContentAsString() {'?
[WARNING] /tmp/dspace-backend-package-2beaws0r/dspace-backend-java-offline/dspace-backend/dspace-sword/src/main/java/org/purl/sword/base/SwordService.java:[11,3] [MissingSummary] A summary line is required on public/protected Javadocs.
    (see https://google.github.io/styleguide/javaguide.html#s7.2-summary-fragment)
[WARNING] /tmp/dspace-backend-package-2beaws0r/dspace-backend-java-offline/dspace-backend/dspace-sword/src/main/java/org/purl/sword/base/DcAbstract.java:[11,3] [MissingSummary] A summary line is required on public/protected Javadocs.
    (see https://google.github.io/styleguide/javaguide.html#s7.2-summary-fragment)
[WARNING] /tmp/dspace-backend-package-2beaws0r/dspace-backend-java-offline/dspace-backend/dspace-sword/src/main/java/org/purl/sword/base/SwordTreatment.java:[11,3] [MissingSummary] A summary line is required on public/protected Javadocs.
    (see https://google.github.io/styleguide/javaguide.html#s7.2-summary-fragment)
[WARNING] /tmp/dspace-backend-package-2beaws0r/dspace-backend-java-offline/dspace-backend/dspace-sword/src/main/java/org/purl/sword/base/SwordCollectionPolicy.java:[11,3] [MissingSummary] A summary line is required on public/protected Javadocs.
    (see https://google.github.io/styleguide/javaguide.html#s7.2-summary-fragment)
[WARNING] /tmp/dspace-backend-package-2beaws0r/dspace-backend-java-offline/dspace-backend/dspace-sword/src/main/java/org/purl/sword/base/SwordAcceptPackaging.java:[42,4] [MissingSummary] A summary line is required on public/protected Javadocs.
    (see https://google.github.io/styleguide/javaguide.html#s7.2-summary-fragment)
[WARNING] /tmp/dspace-backend-package-2beaws0r/dspace-backend-java-offline/dspace-backend/dspace-sword/src/main/java/org/purl/sword/base/SwordAcceptPackaging.java:[80,19] [MissingOverride] marshall implements method in SwordElementInterface; expected @Override
    (see https://errorprone.info/bugpattern/MissingOverride)
  Did you mean '@Override public Element marshall() {'?
[WARNING] /tmp/dspace-backend-package-2beaws0r/dspace-backend-java-offline/dspace-backend/dspace-sword/src/main/java/org/purl/sword/base/SwordAcceptPackaging.java:[176,16] [MissingOverride] unmarshall implements method in SwordElementInterface; expected @Override
    (see https://errorprone.info/bugpattern/MissingOverride)
  Did you mean '@Override public void unmarshall(Element element)'?
[WARNING] /tmp/dspace-backend-package-2beaws0r/dspace-backend-java-offline/dspace-backend/dspace-sword/src/main/java/org/purl/sword/base/SwordAcceptPackaging.java:[187,7] [MissingSummary] A summary fragment is required; consider using the value of the @return block as a summary fragment instead.
    (see https://google.github.io/styleguide/javaguide.html#s7.2-summary-fragment)
  Did you mean '*Returns sWORD validation info.'?
[WARNING] /tmp/dspace-backend-package-2beaws0r/dspace-backend-java-offline/dspace-backend/dspace-sword/src/main/java/org/purl/sword/base/XmlName.java:[16,3] [MissingSummary] A summary line is required on public/protected Javadocs.
    (see https://google.github.io/styleguide/javaguide.html#s7.2-summary-fragment)
[WARNING] /tmp/dspace-backend-package-2beaws0r/dspace-backend-java-offline/dspace-backend/dspace-sword/src/main/java/org/purl/sword/base/SwordValidationInfo.java:[305,7] [MissingSummary] A summary fragment is required; consider using the value of the @return block as a summary fragment instead.
    (see https://google.github.io/styleguide/javaguide.html#s7.2-summary-fragment)
  Did you mean '*Returns the iterator.'?
[WARNING] /tmp/dspace-backend-package-2beaws0r/dspace-backend-java-offline/dspace-backend/dspace-sword/src/main/java/org/purl/sword/base/SwordValidationInfo.java:[312,7] [MissingSummary] A summary fragment is required; consider using the value of the @return block as a summary fragment instead.
    (see https://google.github.io/styleguide/javaguide.html#s7.2-summary-fragment)
  Did you mean '*Returns the iterator.'?
[WARNING] /tmp/dspace-backend-package-2beaws0r/dspace-backend-java-offline/dspace-backend/dspace-sword/src/main/java/org/purl/sword/base/SwordValidationInfo.java:[319,7] [MissingSummary] A summary fragment is required; consider using the value of the @return block as a summary fragment instead.
    (see https://google.github.io/styleguide/javaguide.html#s7.2-summary-fragment)
  Did you mean '*Returns the iterator.'?
[WARNING] /tmp/dspace-backend-package-2beaws0r/dspace-backend-java-offline/dspace-backend/dspace-sword/src/main/java/org/purl/sword/base/SwordValidationInfo.java:[326,7] [MissingSummary] A summary fragment is required; consider using the value of the @return block as a summary fragment instead.
    (see https://google.github.io/styleguide/javaguide.html#s7.2-summary-fragment)
  Did you mean '*Returns the contentDescription.'?
[WARNING] /tmp/dspace-backend-package-2beaws0r/dspace-backend-java-offline/dspace-backend/dspace-sword/src/main/java/org/purl/sword/base/SwordValidationInfo.java:[333,7] [MissingSummary] A summary line is required on public/protected Javadocs.
    (see https://google.github.io/styleguide/javaguide.html#s7.2-summary-fragment)
[WARNING] /tmp/dspace-backend-package-2beaws0r/dspace-backend-java-offline/dspace-backend/dspace-sword/src/main/java/org/purl/sword/base/SwordValidationInfo.java:[340,7] [MissingSummary] A summary line is required on public/protected Javadocs.
    (see https://google.github.io/styleguide/javaguide.html#s7.2-summary-fragment)
[WARNING] /tmp/dspace-backend-package-2beaws0r/dspace-backend-java-offline/dspace-backend/dspace-sword/src/main/java/org/purl/sword/base/SwordValidationInfoType.java:[11,3] [MissingSummary] A summary line is required on public/protected Javadocs.
    (see https://google.github.io/styleguide/javaguide.html#s7.2-summary-fragment)
[WARNING] /tmp/dspace-backend-package-2beaws0r/dspace-backend-java-offline/dspace-backend/dspace-sword/src/main/java/org/purl/sword/base/QualityValue.java:[86,4] [NotJavadoc] Avoid using `/**` for comments which aren't actually Javadoc.
    (see https://errorprone.info/bugpattern/NotJavadoc)
  Did you mean '/*'?
[WARNING] /tmp/dspace-backend-package-2beaws0r/dspace-backend-java-offline/dspace-backend/dspace-sword/src/main/java/org/purl/sword/base/QualityValue.java:[82,18] [MissingOverride] toString overrides method in Object; expected @Override
    (see https://errorprone.info/bugpattern/MissingOverride)
  Did you mean '@Override public String toString() {'?
[WARNING] /tmp/dspace-backend-package-2beaws0r/dspace-backend-java-offline/dspace-backend/dspace-sword/src/main/java/org/dspace/sword/SWORDContext.java:[59,7] [MissingSummary] A summary fragment is required; consider using the value of the @return block as a summary fragment instead.
    (see https://google.github.io/styleguide/javaguide.html#s7.2-summary-fragment)
  Did you mean '*Returns the authenticated user.'?
[WARNING] /tmp/dspace-backend-package-2beaws0r/dspace-backend-java-offline/dspace-backend/dspace-sword/src/main/java/org/dspace/sword/SWORDContext.java:[66,7] [MissingSummary] A summary line is required on public/protected Javadocs.
    (see https://google.github.io/styleguide/javaguide.html#s7.2-summary-fragment)
[WARNING] /tmp/dspace-backend-package-2beaws0r/dspace-backend-java-offline/dspace-backend/dspace-sword/src/main/java/org/dspace/sword/SWORDContext.java:[73,7] [MissingSummary] A summary fragment is required; consider using the value of the @return block as a summary fragment instead.
    (see https://google.github.io/styleguide/javaguide.html#s7.2-summary-fragment)
  Did you mean '*Returns the onBehalfOf user.'?
[WARNING] /tmp/dspace-backend-package-2beaws0r/dspace-backend-java-offline/dspace-backend/dspace-sword/src/main/java/org/dspace/sword/SWORDContext.java:[80,7] [MissingSummary] A summary line is required on public/protected Javadocs.
    (see https://google.github.io/styleguide/javaguide.html#s7.2-summary-fragment)
[WARNING] /tmp/dspace-backend-package-2beaws0r/dspace-backend-java-offline/dspace-backend/dspace-sword/src/main/java/org/dspace/sword/SWORDConfiguration.java:[29,3] [MissingSummary] A summary line is required on public/protected Javadocs.
    (see https://google.github.io/styleguide/javaguide.html#s7.2-summary-fragment)
[WARNING] /tmp/dspace-backend-package-2beaws0r/dspace-backend-java-offline/dspace-backend/dspace-sword/src/main/java/org/dspace/sword/SWORDConfiguration.java:[371,40] [StringSplitter] String.split(String) has surprising behavior
    (see https://errorprone.info/bugpattern/StringSplitter)
  Did you mean 'List<String> bits = Splitter.on('.').splitToList(suffix);'?
[WARNING] /tmp/dspace-backend-package-2beaws0r/dspace-backend-java-offline/dspace-backend/dspace-sword/src/main/java/org/dspace/sword/SWORDUrlManager.java:[39,37] [UnusedVariable] The field 'config' is never read.
    (see https://errorprone.info/bugpattern/UnusedVariable)
  Did you mean to remove this line?
[WARNING] /tmp/dspace-backend-package-2beaws0r/dspace-backend-java-offline/dspace-backend/dspace-sword/src/main/java/org/dspace/sword/SWORDUrlManager.java:[30,3] [MissingSummary] A summary line is required on public/protected Javadocs.
    (see https://google.github.io/styleguide/javaguide.html#s7.2-summary-fragment)
[WARNING] /tmp/dspace-backend-package-2beaws0r/dspace-backend-java-offline/dspace-backend/dspace-sword/src/main/java/org/purl/sword/base/Deposit.java:[111,7] [MissingSummary] A summary fragment is required; consider using the value of the @return block as a summary fragment instead.
    (see https://google.github.io/styleguide/javaguide.html#s7.2-summary-fragment)
  Did you mean '*Returns the authenticatedUserName.'?
[WARNING] /tmp/dspace-backend-package-2beaws0r/dspace-backend-java-offline/dspace-backend/dspace-sword/src/main/java/org/purl/sword/base/Deposit.java:[118,7] [MissingSummary] A summary line is required on public/protected Javadocs.
    (see https://google.github.io/styleguide/javaguide.html#s7.2-summary-fragment)
[WARNING] /tmp/dspace-backend-package-2beaws0r/dspace-backend-java-offline/dspace-backend/dspace-sword/src/main/java/org/purl/sword/base/Deposit.java:[125,7] [MissingSummary] A summary fragment is required; consider using the value of the @return block as a summary fragment instead.
    (see https://google.github.io/styleguide/javaguide.html#s7.2-summary-fragment)
  Did you mean '*Returns the authenticatedUserPassword.'?
[WARNING] /tmp/dspace-backend-package-2beaws0r/dspace-backend-java-offline/dspace-backend/dspace-sword/src/main/java/org/purl/sword/base/Deposit.java:[132,7] [MissingSummary] A summary line is required on public/protected Javadocs.
    (see https://google.github.io/styleguide/javaguide.html#s7.2-summary-fragment)
[WARNING] /tmp/dspace-backend-package-2beaws0r/dspace-backend-java-offline/dspace-backend/dspace-sword/src/main/java/org/purl/sword/base/Deposit.java:[139,7] [MissingSummary] A summary fragment is required; consider using the value of the @return block as a summary fragment instead.
    (see https://google.github.io/styleguide/javaguide.html#s7.2-summary-fragment)
  Did you mean '*Returns the contentLength.'?
[WARNING] /tmp/dspace-backend-package-2beaws0r/dspace-backend-java-offline/dspace-backend/dspace-sword/src/main/java/org/purl/sword/base/Deposit.java:[146,7] [MissingSummary] A summary line is required on public/protected Javadocs.
    (see https://google.github.io/styleguide/javaguide.html#s7.2-summary-fragment)
[WARNING] /tmp/dspace-backend-package-2beaws0r/dspace-backend-java-offline/dspace-backend/dspace-sword/src/main/java/org/purl/sword/base/Deposit.java:[153,7] [MissingSummary] A summary fragment is required; consider using the value of the @return block as a summary fragment instead.
    (see https://google.github.io/styleguide/javaguide.html#s7.2-summary-fragment)
  Did you mean '*Returns the contentType.'?
[WARNING] /tmp/dspace-backend-package-2beaws0r/dspace-backend-java-offline/dspace-backend/dspace-sword/src/main/java/org/purl/sword/base/Deposit.java:[160,7] [MissingSummary] A summary line is required on public/protected Javadocs.
    (see https://google.github.io/styleguide/javaguide.html#s7.2-summary-fragment)
[WARNING] /tmp/dspace-backend-package-2beaws0r/dspace-backend-java-offline/dspace-backend/dspace-sword/src/main/java/org/purl/sword/base/Deposit.java:[167,7] [MissingSummary] A summary fragment is required; consider using the value of the @return block as a summary fragment instead.
    (see https://google.github.io/styleguide/javaguide.html#s7.2-summary-fragment)
  Did you mean '*Returns the depositID.'?
[WARNING] /tmp/dspace-backend-package-2beaws0r/dspace-backend-java-offline/dspace-backend/dspace-sword/src/main/java/org/purl/sword/base/Deposit.java:[174,7] [MissingSummary] A summary line is required on public/protected Javadocs.
    (see https://google.github.io/styleguide/javaguide.html#s7.2-summary-fragment)
[WARNING] /tmp/dspace-backend-package-2beaws0r/dspace-backend-java-offline/dspace-backend/dspace-sword/src/main/java/org/purl/sword/base/Deposit.java:[181,7] [MissingSummary] A summary fragment is required; consider using the value of the @return block as a summary fragment instead.
    (see https://google.github.io/styleguide/javaguide.html#s7.2-summary-fragment)
  Did you mean '*Returns the file.'?
[WARNING] /tmp/dspace-backend-package-2beaws0r/dspace-backend-java-offline/dspace-backend/dspace-sword/src/main/java/org/purl/sword/base/Deposit.java:[188,7] [MissingSummary] A summary line is required on public/protected Javadocs.
    (see https://google.github.io/styleguide/javaguide.html#s7.2-summary-fragment)
[WARNING] /tmp/dspace-backend-package-2beaws0r/dspace-backend-java-offline/dspace-backend/dspace-sword/src/main/java/org/purl/sword/base/Deposit.java:[195,7] [MissingSummary] A summary fragment is required; consider using the value of the @return block as a summary fragment instead.
    (see https://google.github.io/styleguide/javaguide.html#s7.2-summary-fragment)
  Did you mean '*Returns the packaging.'?
[WARNING] /tmp/dspace-backend-package-2beaws0r/dspace-backend-java-offline/dspace-backend/dspace-sword/src/main/java/org/purl/sword/base/Deposit.java:[202,7] [MissingSummary] A summary line is required on public/protected Javadocs.
    (see https://google.github.io/styleguide/javaguide.html#s7.2-summary-fragment)
[WARNING] /tmp/dspace-backend-package-2beaws0r/dspace-backend-java-offline/dspace-backend/dspace-sword/src/main/java/org/purl/sword/base/Deposit.java:[209,7] [MissingSummary] A summary fragment is required; consider using the value of the @return block as a summary fragment instead.
    (see https://google.github.io/styleguide/javaguide.html#s7.2-summary-fragment)
  Did you mean '*Returns the md5.'?
[WARNING] /tmp/dspace-backend-package-2beaws0r/dspace-backend-java-offline/dspace-backend/dspace-sword/src/main/java/org/purl/sword/base/Deposit.java:[216,7] [MissingSummary] A summary line is required on public/protected Javadocs.
    (see https://google.github.io/styleguide/javaguide.html#s7.2-summary-fragment)
[WARNING] /tmp/dspace-backend-package-2beaws0r/dspace-backend-java-offline/dspace-backend/dspace-sword/src/main/java/org/purl/sword/base/Deposit.java:[223,7] [MissingSummary] A summary fragment is required; consider using the value of the @return block as a summary fragment instead.
    (see https://google.github.io/styleguide/javaguide.html#s7.2-summary-fragment)
  Did you mean '*Returns the noOp.'?
[WARNING] /tmp/dspace-backend-package-2beaws0r/dspace-backend-java-offline/dspace-backend/dspace-sword/src/main/java/org/purl/sword/base/Deposit.java:[230,7] [MissingSummary] A summary line is required on public/protected Javadocs.
    (see https://google.github.io/styleguide/javaguide.html#s7.2-summary-fragment)
[WARNING] /tmp/dspace-backend-package-2beaws0r/dspace-backend-java-offline/dspace-backend/dspace-sword/src/main/java/org/purl/sword/base/Deposit.java:[237,7] [MissingSummary] A summary fragment is required; consider using the value of the @return block as a summary fragment instead.
    (see https://google.github.io/styleguide/javaguide.html#s7.2-summary-fragment)
  Did you mean '*Returns the onBehalfOf.'?
[WARNING] /tmp/dspace-backend-package-2beaws0r/dspace-backend-java-offline/dspace-backend/dspace-sword/src/main/java/org/purl/sword/base/Deposit.java:[244,7] [MissingSummary] A summary line is required on public/protected Javadocs.
    (see https://google.github.io/styleguide/javaguide.html#s7.2-summary-fragment)
[WARNING] /tmp/dspace-backend-package-2beaws0r/dspace-backend-java-offline/dspace-backend/dspace-sword/src/main/java/org/purl/sword/base/Deposit.java:[251,7] [MissingSummary] A summary fragment is required; consider using the value of the @return block as a summary fragment instead.
    (see https://google.github.io/styleguide/javaguide.html#s7.2-summary-fragment)
  Did you mean '*Returns the slug.'?
[WARNING] /tmp/dspace-backend-package-2beaws0r/dspace-backend-java-offline/dspace-backend/dspace-sword/src/main/java/org/purl/sword/base/Deposit.java:[258,7] [MissingSummary] A summary line is required on public/protected Javadocs.
    (see https://google.github.io/styleguide/javaguide.html#s7.2-summary-fragment)
[WARNING] /tmp/dspace-backend-package-2beaws0r/dspace-backend-java-offline/dspace-backend/dspace-sword/src/main/java/org/purl/sword/base/Deposit.java:[265,7] [MissingSummary] A summary fragment is required; consider using the value of the @return block as a summary fragment instead.
    (see https://google.github.io/styleguide/javaguide.html#s7.2-summary-fragment)
  Did you mean '*Returns the verbose.'?
[WARNING] /tmp/dspace-backend-package-2beaws0r/dspace-backend-java-offline/dspace-backend/dspace-sword/src/main/java/org/purl/sword/base/Deposit.java:[272,7] [MissingSummary] A summary line is required on public/protected Javadocs.
    (see https://google.github.io/styleguide/javaguide.html#s7.2-summary-fragment)
[WARNING] /tmp/dspace-backend-package-2beaws0r/dspace-backend-java-offline/dspace-backend/dspace-sword/src/main/java/org/purl/sword/base/SWORDErrorException.java:[63,7] [MissingSummary] A summary fragment is required; consider using the value of the @return block as a summary fragment instead.
    (see https://google.github.io/styleguide/javaguide.html#s7.2-summary-fragment)
  Did you mean '*Returns the errorURI.'?
[WARNING] /tmp/dspace-backend-package-2beaws0r/dspace-backend-java-offline/dspace-backend/dspace-sword/src/main/java/org/purl/sword/base/SWORDErrorException.java:[70,7] [MissingSummary] A summary fragment is required; consider using the value of the @return block as a summary fragment instead.
    (see https://google.github.io/styleguide/javaguide.html#s7.2-summary-fragment)
  Did you mean '*Returns the status.'?
[WARNING] /tmp/dspace-backend-package-2beaws0r/dspace-backend-java-offline/dspace-backend/dspace-sword/src/main/java/org/purl/sword/base/SWORDErrorException.java:[86,7] [MissingSummary] A summary fragment is required; consider using the value of the @return block as a summary fragment instead.
    (see https://google.github.io/styleguide/javaguide.html#s7.2-summary-fragment)
  Did you mean '*Returns the description.'?
[WARNING] /tmp/dspace-backend-package-2beaws0r/dspace-backend-java-offline/dspace-backend/dspace-sword/src/main/java/org/dspace/sword/BitstreamEntryGenerator.java:[30,3] [MissingSummary] A summary line is required on public/protected Javadocs.
    (see https://google.github.io/styleguide/javaguide.html#s7.2-summary-fragment)
[WARNING] /tmp/dspace-backend-package-2beaws0r/dspace-backend-java-offline/dspace-backend/dspace-sword/src/main/java/org/purl/sword/base/SWORDEntry.java:[359,61] [ShortCircuitBoolean] Prefer the short-circuiting boolean operators && and || to & and |.
    (see https://errorprone.info/bugpattern/ShortCircuitBoolean)
  Did you mean 'return elementName.equals(SwordNoOp.elementName()) || elementName.equals(SwordUserAgent.elementName()) || elementName.equals(SwordTreatment.elementName()) || elementName.equals(SwordVerboseDescription.elementName()) || elementName.equals(SwordPackaging.elementName()) || super.isElementChecked(elementName);'?
[WARNING] /tmp/dspace-backend-package-2beaws0r/dspace-backend-java-offline/dspace-backend/dspace-sword/src/main/java/org/purl/sword/atom/Entry.java:[210,52] [ShortCircuitBoolean] Prefer the short-circuiting boolean operators && and || to & and |.
    (see https://errorprone.info/bugpattern/ShortCircuitBoolean)
  Did you mean 'return elementName.equals(Author.elementName()) || elementName.equals(Category.elementName()) || elementName.equals(Content.elementName()) || elementName.equals(Generator.elementName()) || elementName.equals(Contributor.elementName()) || elementName.equals(Id.elementName()) || elementName.equals(Link.elementName()) || elementName.equals(Published.elementName()) || elementName.equals(Rights.elementName()) || elementName.equals(Source.elementName()) || elementName.equals(Summary.elementName()) || elementName.equals(Title.elementName()) || elementName.equals(Updated.elementName());'?
[WARNING] /tmp/dspace-backend-package-2beaws0r/dspace-backend-java-offline/dspace-backend/dspace-sword/src/main/java/org/purl/sword/atom/Entry.java:[217,4] [MissingSummary] A summary line is required on public/protected Javadocs.
    (see https://google.github.io/styleguide/javaguide.html#s7.2-summary-fragment)
[WARNING] /tmp/dspace-backend-package-2beaws0r/dspace-backend-java-offline/dspace-backend/dspace-sword/src/main/java/org/purl/sword/atom/Entry.java:[486,7] [MissingSummary] A summary fragment is required; consider using the value of the @return block as a summary fragment instead.
    (see https://google.github.io/styleguide/javaguide.html#s7.2-summary-fragment)
  Did you mean '*Returns sWORD validation info.'?
[WARNING] /tmp/dspace-backend-package-2beaws0r/dspace-backend-java-offline/dspace-backend/dspace-sword/src/main/java/org/purl/sword/atom/Entry.java:[536,19] [UnnecessaryParentheses] These grouping parentheses are unnecessary; it is unlikely the code will be misinterpreted without them
    (see https://errorprone.info/bugpattern/UnnecessaryParentheses)
  Did you mean '} else if ( !contributors.isEmpty() && validateAll) {'?
[WARNING] /tmp/dspace-backend-package-2beaws0r/dspace-backend-java-offline/dspace-backend/dspace-sword/src/main/java/org/purl/sword/atom/Entry.java:[802,7] [EmptyBlockTag] A block tag (@param, @return, @throws, @deprecated) has an empty description. Block tags without descriptions don't add much value for future readers of the code; consider removing the tag entirely or adding a description.
    (see https://google.github.io/styleguide/javaguide.html#s7.1.3-javadoc-block-tags)
[WARNING] /tmp/dspace-backend-package-2beaws0r/dspace-backend-java-offline/dspace-backend/dspace-sword/src/main/java/org/purl/sword/atom/Entry.java:[813,7] [EmptyBlockTag] A block tag (@param, @return, @throws, @deprecated) has an empty description. Block tags without descriptions don't add much value for future readers of the code; consider removing the tag entirely or adding a description.
    (see https://google.github.io/styleguide/javaguide.html#s7.1.3-javadoc-block-tags)
[WARNING] /tmp/dspace-backend-package-2beaws0r/dspace-backend-java-offline/dspace-backend/dspace-sword/src/main/java/org/dspace/sword/DepositResult.java:[63,7] [MissingSummary] A summary fragment is required; consider using the value of the @return block as a summary fragment instead.
    (see https://google.github.io/styleguide/javaguide.html#s7.2-summary-fragment)
  Did you mean '*Returns the item.'?
[WARNING] /tmp/dspace-backend-package-2beaws0r/dspace-backend-java-offline/dspace-backend/dspace-sword/src/main/java/org/dspace/sword/DepositResult.java:[70,7] [MissingSummary] A summary line is required on public/protected Javadocs.
    (see https://google.github.io/styleguide/javaguide.html#s7.2-summary-fragment)
[WARNING] /tmp/dspace-backend-package-2beaws0r/dspace-backend-java-offline/dspace-backend/dspace-sword/src/main/java/org/dspace/sword/DepositResult.java:[77,7] [MissingSummary] A summary fragment is required; consider using the value of the @return block as a summary fragment instead.
    (see https://google.github.io/styleguide/javaguide.html#s7.2-summary-fragment)
  Did you mean '*Returns the handle.'?
[WARNING] /tmp/dspace-backend-package-2beaws0r/dspace-backend-java-offline/dspace-backend/dspace-sword/src/main/java/org/dspace/sword/DepositResult.java:[84,7] [MissingSummary] A summary line is required on public/protected Javadocs.
    (see https://google.github.io/styleguide/javaguide.html#s7.2-summary-fragment)
[WARNING] /tmp/dspace-backend-package-2beaws0r/dspace-backend-java-offline/dspace-backend/dspace-sword/src/main/java/org/purl/sword/base/SwordNoOp.java:[11,3] [MissingSummary] A summary line is required on public/protected Javadocs.
    (see https://google.github.io/styleguide/javaguide.html#s7.2-summary-fragment)
[WARNING] /tmp/dspace-backend-package-2beaws0r/dspace-backend-java-offline/dspace-backend/dspace-sword/src/main/java/org/purl/sword/base/SwordVerboseDescription.java:[11,3] [MissingSummary] A summary line is required on public/protected Javadocs.
    (see https://google.github.io/styleguide/javaguide.html#s7.2-summary-fragment)
[INFO] 
[INFO] --- resources:3.5.0:testResources (default-testResources) @ dspace-sword ---
[INFO] skip non existing resourceDirectory /tmp/dspace-backend-package-2beaws0r/dspace-backend-java-offline/dspace-backend/dspace-sword/src/test/resources
[INFO] 
[INFO] --- xml:1.2.1:validate (validate-ALL-xml-and-xsl) @ dspace-sword ---
[INFO] 
[INFO] --- compiler:3.15.0:testCompile (default-testCompile) @ dspace-sword ---
[INFO] No sources to compile
[INFO] 
[INFO] --- surefire:2.22.2:test (default-test) @ dspace-sword ---
[INFO] Tests are skipped.
[INFO] 
[INFO] --- jar:3.5.0:jar (default-jar) @ dspace-sword ---
[INFO] Building jar: /tmp/dspace-backend-package-2beaws0r/dspace-backend-java-offline/dspace-backend/dspace-sword/target/dspace-sword-7.6.7.jar
[INFO] 
[INFO] ---------------------< org.dspace:dspace-swordv2 >----------------------
[INFO] Building DSpace SWORD v2 7.6.7                                   [10/13]
[INFO]   from dspace-swordv2/pom.xml
[INFO] --------------------------------[ jar ]---------------------------------
[INFO] 
[INFO] --- enforcer:3.6.2:enforce (enforce-java) @ dspace-swordv2 ---
[INFO] 
[INFO] --- enforcer:3.6.2:enforce (enforce-versions) @ dspace-swordv2 ---
[INFO] Rule 0: org.apache.maven.enforcer.rules.dependency.DependencyConvergence passed
[INFO] 
[INFO] --- enforcer:3.6.2:enforce (ban-dependencies) @ dspace-swordv2 ---
[INFO] Rule 0: org.apache.maven.enforcer.rules.dependency.BannedDependencies passed
[INFO] 
[INFO] --- resources:3.5.0:resources (default-resources) @ dspace-swordv2 ---
[INFO] skip non existing resourceDirectory /tmp/dspace-backend-package-2beaws0r/dspace-backend-java-offline/dspace-backend/dspace-swordv2/src/main/resources
[INFO] 
[INFO] --- compiler:3.15.0:compile (default-compile) @ dspace-swordv2 ---
[INFO] Recompiling the module because of changed dependency.
[INFO] Compiling 48 source files with javac [forked debug release 11] to target/classes
[WARNING] /tmp/dspace-backend-package-2beaws0r/dspace-backend-java-offline/dspace-backend/dspace-swordv2/src/main/java/org/dspace/sword2/AbstractSwordContentIngester.java:[131,37] [JavaUtilDate] Date has a bad API that leads to bugs; prefer java.time.Instant or LocalDate.
    (see https://errorprone.info/bugpattern/JavaUtilDate)
[WARNING] /tmp/dspace-backend-package-2beaws0r/dspace-backend-java-offline/dspace-backend/dspace-swordv2/src/main/java/org/dspace/sword2/AbstractSwordContentIngester.java:[192,7] [EmptyBlockTag] A block tag (@param, @return, @throws, @deprecated) has an empty description. Block tags without descriptions don't add much value for future readers of the code; consider removing the tag entirely or adding a description.
    (see https://google.github.io/styleguide/javaguide.html#s7.1.3-javadoc-block-tags)
  Did you mean '*'?
[WARNING] /tmp/dspace-backend-package-2beaws0r/dspace-backend-java-offline/dspace-backend/dspace-swordv2/src/main/java/org/dspace/sword2/AbstractSwordContentIngester.java:[193,7] [EmptyBlockTag] A block tag (@param, @return, @throws, @deprecated) has an empty description. Block tags without descriptions don't add much value for future readers of the code; consider removing the tag entirely or adding a description.
    (see https://google.github.io/styleguide/javaguide.html#s7.1.3-javadoc-block-tags)
  Did you mean '*'?
[WARNING] /tmp/dspace-backend-package-2beaws0r/dspace-backend-java-offline/dspace-backend/dspace-swordv2/src/main/java/org/dspace/sword2/AbstractSwordContentIngester.java:[211,12] [ClassCanBeStatic] Inner class is non-static but does not reference enclosing class
    (see https://errorprone.info/bugpattern/ClassCanBeStatic)
  Did you mean 'private static class MetadataFieldInfo {'?
[WARNING] /tmp/dspace-backend-package-2beaws0r/dspace-backend-java-offline/dspace-backend/dspace-swordv2/src/main/java/org/dspace/sword2/VerboseDescription.java:[25,18] [MissingOverride] toString overrides method in Object; expected @Override
    (see https://errorprone.info/bugpattern/MissingOverride)
  Did you mean '@Override public String toString() {'?
[WARNING] /tmp/dspace-backend-package-2beaws0r/dspace-backend-java-offline/dspace-backend/dspace-swordv2/src/main/java/org/dspace/sword2/VerboseDescription.java:[31,32] [JavaUtilDate] Date has a bad API that leads to bugs; prefer java.time.Instant or LocalDate.
    (see https://errorprone.info/bugpattern/JavaUtilDate)
[WARNING] /tmp/dspace-backend-package-2beaws0r/dspace-backend-java-offline/dspace-backend/dspace-swordv2/src/main/java/org/dspace/sword2/AtomCollectionGenerator.java:[15,3] [MissingSummary] A summary line is required on public/protected Javadocs.
    (see https://google.github.io/styleguide/javaguide.html#s7.2-summary-fragment)
[WARNING] /tmp/dspace-backend-package-2beaws0r/dspace-backend-java-offline/dspace-backend/dspace-swordv2/src/main/java/org/dspace/sword2/SwordConfigurationDSpace.java:[247,41] [UnusedVariable] The local variable 'disseminator' is never read.
    (see https://errorprone.info/bugpattern/UnusedVariable)
  Did you mean to remove this line or 'SwordDisseminatorFactory'?
[WARNING] /tmp/dspace-backend-package-2beaws0r/dspace-backend-java-offline/dspace-backend/dspace-swordv2/src/main/java/org/dspace/sword2/SwordConfigurationDSpace.java:[178,19] [MissingOverride] returnDepositReceipt implements method in SwordConfiguration; expected @Override
    (see https://errorprone.info/bugpattern/MissingOverride)
  Did you mean '@Override public boolean returnDepositReceipt() {'?
[WARNING] /tmp/dspace-backend-package-2beaws0r/dspace-backend-java-offline/dspace-backend/dspace-swordv2/src/main/java/org/dspace/sword2/SwordConfigurationDSpace.java:[182,19] [MissingOverride] returnStackTraceInError implements method in SwordConfiguration; expected @Override
    (see https://errorprone.info/bugpattern/MissingOverride)
  Did you mean '@Override public boolean returnStackTraceInError() {'?
[WARNING] /tmp/dspace-backend-package-2beaws0r/dspace-backend-java-offline/dspace-backend/dspace-swordv2/src/main/java/org/dspace/sword2/SwordConfigurationDSpace.java:[186,19] [MissingOverride] returnErrorBody implements method in SwordConfiguration; expected @Override
    (see https://errorprone.info/bugpattern/MissingOverride)
  Did you mean '@Override public boolean returnErrorBody() {'?
[WARNING] /tmp/dspace-backend-package-2beaws0r/dspace-backend-java-offline/dspace-backend/dspace-swordv2/src/main/java/org/dspace/sword2/SwordConfigurationDSpace.java:[190,18] [MissingOverride] generator implements method in SwordConfiguration; expected @Override
    (see https://errorprone.info/bugpattern/MissingOverride)
  Did you mean '@Override public String generator() {'?
[WARNING] /tmp/dspace-backend-package-2beaws0r/dspace-backend-java-offline/dspace-backend/dspace-swordv2/src/main/java/org/dspace/sword2/SwordConfigurationDSpace.java:[195,18] [MissingOverride] generatorVersion implements method in SwordConfiguration; expected @Override
    (see https://errorprone.info/bugpattern/MissingOverride)
  Did you mean '@Override public String generatorVersion() {'?
[WARNING] /tmp/dspace-backend-package-2beaws0r/dspace-backend-java-offline/dspace-backend/dspace-swordv2/src/main/java/org/dspace/sword2/SwordConfigurationDSpace.java:[200,18] [MissingOverride] administratorEmail implements method in SwordConfiguration; expected @Override
    (see https://errorprone.info/bugpattern/MissingOverride)
  Did you mean '@Override public String administratorEmail() {'?
[WARNING] /tmp/dspace-backend-package-2beaws0r/dspace-backend-java-offline/dspace-backend/dspace-swordv2/src/main/java/org/dspace/sword2/SwordConfigurationDSpace.java:[204,18] [MissingOverride] getAuthType implements method in SwordConfiguration; expected @Override
    (see https://errorprone.info/bugpattern/MissingOverride)
  Did you mean '@Override public String getAuthType() {'?
[WARNING] /tmp/dspace-backend-package-2beaws0r/dspace-backend-java-offline/dspace-backend/dspace-swordv2/src/main/java/org/dspace/sword2/SwordConfigurationDSpace.java:[209,19] [MissingOverride] storeAndCheckBinary implements method in SwordConfiguration; expected @Override
    (see https://errorprone.info/bugpattern/MissingOverride)
  Did you mean '@Override public boolean storeAndCheckBinary() {'?
[WARNING] /tmp/dspace-backend-package-2beaws0r/dspace-backend-java-offline/dspace-backend/dspace-swordv2/src/main/java/org/dspace/sword2/SwordConfigurationDSpace.java:[213,18] [MissingOverride] getTempDirectory implements method in SwordConfiguration; expected @Override
    (see https://errorprone.info/bugpattern/MissingOverride)
  Did you mean '@Override public String getTempDirectory() {'?
[WARNING] /tmp/dspace-backend-package-2beaws0r/dspace-backend-java-offline/dspace-backend/dspace-swordv2/src/main/java/org/dspace/sword2/SwordConfigurationDSpace.java:[217,18] [MissingOverride] getAlternateUrl implements method in SwordConfiguration; expected @Override
    (see https://errorprone.info/bugpattern/MissingOverride)
  Did you mean '@Override public String getAlternateUrl() {'?
[WARNING] /tmp/dspace-backend-package-2beaws0r/dspace-backend-java-offline/dspace-backend/dspace-swordv2/src/main/java/org/dspace/sword2/SwordConfigurationDSpace.java:[222,18] [MissingOverride] getAlternateUrlContentType implements method in SwordConfiguration; expected @Override
    (see https://errorprone.info/bugpattern/MissingOverride)
  Did you mean '@Override public String getAlternateUrlContentType() {'?
[WARNING] /tmp/dspace-backend-package-2beaws0r/dspace-backend-java-offline/dspace-backend/dspace-swordv2/src/main/java/org/dspace/sword2/SwordConfigurationDSpace.java:[311,15] [MissingOverride] getMaxUploadSize implements method in SwordConfiguration; expected @Override
    (see https://errorprone.info/bugpattern/MissingOverride)
  Did you mean '@Override public int getMaxUploadSize() {'?
[WARNING] /tmp/dspace-backend-package-2beaws0r/dspace-backend-java-offline/dspace-backend/dspace-swordv2/src/main/java/org/dspace/sword2/SwordConfigurationDSpace.java:[581,44] [StringSplitter] String.split(String) has surprising behavior
    (see https://errorprone.info/bugpattern/StringSplitter)
  Did you mean 'List<String> bits = Splitter.on('/').splitToList(pattern.trim());'?
[WARNING] /tmp/dspace-backend-package-2beaws0r/dspace-backend-java-offline/dspace-backend/dspace-swordv2/src/main/java/org/dspace/sword2/SwordConfigurationDSpace.java:[586,42] [StringSplitter] String.split(String) has surprising behavior
    (see https://errorprone.info/bugpattern/StringSplitter)
  Did you mean 'List<String> tbits = Splitter.on('/').splitToList(type.trim());'?
[WARNING] /tmp/dspace-backend-package-2beaws0r/dspace-backend-java-offline/dspace-backend/dspace-swordv2/src/main/java/org/dspace/sword2/SwordConfigurationDSpace.java:[614,19] [MissingOverride] allowUnauthenticatedMediaAccess implements method in SwordConfiguration; expected @Override
    (see https://errorprone.info/bugpattern/MissingOverride)
  Did you mean '@Override public boolean allowUnauthenticatedMediaAccess() {'?
[WARNING] /tmp/dspace-backend-package-2beaws0r/dspace-backend-java-offline/dspace-backend/dspace-swordv2/src/main/java/org/dspace/sword2/SwordUrlManager.java:[33,3] [MissingSummary] A summary line is required on public/protected Javadocs.
    (see https://google.github.io/styleguide/javaguide.html#s7.2-summary-fragment)
[WARNING] /tmp/dspace-backend-package-2beaws0r/dspace-backend-java-offline/dspace-backend/dspace-swordv2/src/main/java/org/dspace/sword2/GenericStatementDisseminator.java:[160,54] [StringCaseLocaleUsage] Specify a `Locale` when calling `String#to{Lower,Upper}Case`. (Note: there are multiple suggested fixes; the third may be most appropriate if you're dealing with ASCII Strings.)
    (see https://errorprone.info/bugpattern/StringCaseLocaleUsage)
  Did you mean 'String bundleName = bit.trim().toUpperCase(Locale.ROOT);' or 'String bundleName = bit.trim().toUpperCase(Locale.getDefault());' or 'String bundleName = Ascii.toUpperCase(bit.trim());'?
[WARNING] /tmp/dspace-backend-package-2beaws0r/dspace-backend-java-offline/dspace-backend/dspace-swordv2/src/main/java/org/dspace/sword2/BinaryContentIngester.java:[42,25] [MissingOverride] ingestToCollection implements method in AbstractSwordContentIngester; expected @Override
    (see https://errorprone.info/bugpattern/MissingOverride)
  Did you mean '@Override public DepositResult ingestToCollection(Context context, Deposit deposit,'?
[WARNING] /tmp/dspace-backend-package-2beaws0r/dspace-backend-java-offline/dspace-backend/dspace-swordv2/src/main/java/org/dspace/sword2/BinaryContentIngester.java:[110,25] [MissingOverride] ingestToItem implements method in AbstractSwordContentIngester; expected @Override
    (see https://errorprone.info/bugpattern/MissingOverride)
  Did you mean '@Override public DepositResult ingestToItem(Context context, Deposit deposit,'?
[WARNING] /tmp/dspace-backend-package-2beaws0r/dspace-backend-java-offline/dspace-backend/dspace-swordv2/src/main/java/org/dspace/sword2/CollectionDepositManagerDSpace.java:[41,26] [MissingOverride] createNew implements method in CollectionDepositManager; expected @Override
    (see https://errorprone.info/bugpattern/MissingOverride)
  Did you mean '@Override public DepositReceipt createNew(String collectionUri, Deposit deposit,'?
[WARNING] /tmp/dspace-backend-package-2beaws0r/dspace-backend-java-offline/dspace-backend/dspace-swordv2/src/main/java/org/dspace/sword2/CollectionDepositManagerDSpace.java:[45,21] [JavaUtilDate] Date has a bad API that leads to bugs; prefer java.time.Instant or LocalDate.
    (see https://errorprone.info/bugpattern/JavaUtilDate)
[WARNING] /tmp/dspace-backend-package-2beaws0r/dspace-backend-java-offline/dspace-backend/dspace-swordv2/src/main/java/org/dspace/sword2/CollectionDepositManagerDSpace.java:[142,26] [JavaUtilDate] Date has a bad API that leads to bugs; prefer java.time.Instant or LocalDate.
    (see https://errorprone.info/bugpattern/JavaUtilDate)
[WARNING] /tmp/dspace-backend-package-2beaws0r/dspace-backend-java-offline/dspace-backend/dspace-swordv2/src/main/java/org/dspace/sword2/CollectionDepositManagerDSpace.java:[143,39] [JavaUtilDate] Date has a bad API that leads to bugs; prefer java.time.Instant or LocalDate.
    (see https://errorprone.info/bugpattern/JavaUtilDate)
[WARNING] /tmp/dspace-backend-package-2beaws0r/dspace-backend-java-offline/dspace-backend/dspace-swordv2/src/main/java/org/dspace/sword2/CollectionDepositManagerDSpace.java:[143,57] [JavaUtilDate] Date has a bad API that leads to bugs; prefer java.time.Instant or LocalDate.
    (see https://errorprone.info/bugpattern/JavaUtilDate)
[WARNING] /tmp/dspace-backend-package-2beaws0r/dspace-backend-java-offline/dspace-backend/dspace-swordv2/src/main/java/org/dspace/sword2/DSpaceSwordAPI.java:[108,31] [StringCaseLocaleUsage] Specify a `Locale` when calling `String#to{Lower,Upper}Case`. (Note: there are multiple suggested fixes; the third may be most appropriate if you're dealing with ASCII Strings.)
    (see https://errorprone.info/bugpattern/StringCaseLocaleUsage)
  Did you mean 'if (key.toLowerCase(Locale.ROOT).equals(header.toLowerCase())) {' or 'if (key.toLowerCase(Locale.getDefault()).equals(header.toLowerCase())) {' or 'if (Ascii.toLowerCase(key).equals(header.toLowerCase())) {'?
[WARNING] /tmp/dspace-backend-package-2beaws0r/dspace-backend-java-offline/dspace-backend/dspace-swordv2/src/main/java/org/dspace/sword2/DSpaceSwordAPI.java:[108,59] [StringCaseLocaleUsage] Specify a `Locale` when calling `String#to{Lower,Upper}Case`. (Note: there are multiple suggested fixes; the third may be most appropriate if you're dealing with ASCII Strings.)
    (see https://errorprone.info/bugpattern/StringCaseLocaleUsage)
  Did you mean 'if (key.toLowerCase().equals(header.toLowerCase(Locale.ROOT))) {' or 'if (key.toLowerCase().equals(header.toLowerCase(Locale.getDefault()))) {' or 'if (key.toLowerCase().equals(Ascii.toLowerCase(header))) {'?
[WARNING] /tmp/dspace-backend-package-2beaws0r/dspace-backend-java-offline/dspace-backend/dspace-swordv2/src/main/java/org/dspace/sword2/DSpaceSwordAPI.java:[115,18] [NonApiType] Prefer a java.util.Map instead. 
    (see https://errorprone.info/bugpattern/NonApiType)
[WARNING] /tmp/dspace-backend-package-2beaws0r/dspace-backend-java-offline/dspace-backend/dspace-swordv2/src/main/java/org/dspace/sword2/DSpaceSwordAPI.java:[120,43] [StringSplitter] String.split(String) has surprising behavior
    (see https://errorprone.info/bugpattern/StringSplitter)
  Did you mean 'Iterable<String> parts = Splitter.on(',').split(acceptHeader);'?
[WARNING] /tmp/dspace-backend-package-2beaws0r/dspace-backend-java-offline/dspace-backend/dspace-swordv2/src/main/java/org/dspace/sword2/DSpaceSwordAPI.java:[129,44] [StringSplitter] String.split(String) has surprising behavior
    (see https://errorprone.info/bugpattern/StringSplitter)
  Did you mean 'List<String> components = Splitter.on(';').splitToList(part);'?
[WARNING] /tmp/dspace-backend-package-2beaws0r/dspace-backend-java-offline/dspace-backend/dspace-swordv2/src/main/java/org/dspace/sword2/DSpaceSwordAPI.java:[284,38] [DefaultCharset] Implicit use of the platform default charset, which can result in differing behaviour between JVM executions or incorrect behavior if the encoding of the data source doesn't match expectations.
    (see https://errorprone.info/bugpattern/DefaultCharset)
  Did you mean 'entry.getBytes(UTF_8));' or 'entry.getBytes(Charset.defaultCharset()));'?
[WARNING] /tmp/dspace-backend-package-2beaws0r/dspace-backend-java-offline/dspace-backend/dspace-swordv2/src/main/java/org/dspace/sword2/DSpaceSwordAPI.java:[381,43] [JavaUtilDate] Date has a bad API that leads to bugs; prefer java.time.Instant or LocalDate.
    (see https://errorprone.info/bugpattern/JavaUtilDate)
[WARNING] /tmp/dspace-backend-package-2beaws0r/dspace-backend-java-offline/dspace-backend/dspace-swordv2/src/main/java/org/dspace/sword2/DSpaceSwordAPI.java:[401,42] [JavaUtilDate] Date has a bad API that leads to bugs; prefer java.time.Instant or LocalDate.
    (see https://errorprone.info/bugpattern/JavaUtilDate)
[WARNING] /tmp/dspace-backend-package-2beaws0r/dspace-backend-java-offline/dspace-backend/dspace-swordv2/src/main/java/org/dspace/sword2/DSpaceSwordAPI.java:[429,70] [JavaUtilDate] Date has a bad API that leads to bugs; prefer java.time.Instant or LocalDate.
    (see https://errorprone.info/bugpattern/JavaUtilDate)
[WARNING] /tmp/dspace-backend-package-2beaws0r/dspace-backend-java-offline/dspace-backend/dspace-swordv2/src/main/java/org/dspace/sword2/DSpaceSwordAPI.java:[429,50] [UnnecessaryParentheses] These grouping parentheses are unnecessary; it is unlikely the code will be misinterpreted without them
    (see https://errorprone.info/bugpattern/UnnecessaryParentheses)
  Did you mean '"sword-" + auth.getUsername() + "-" +  new Date().getTime();'?
[WARNING] /tmp/dspace-backend-package-2beaws0r/dspace-backend-java-offline/dspace-backend/dspace-swordv2/src/main/java/org/dspace/sword2/DSpaceSwordAPI.java:[429,51] [JavaUtilDate] Date has a bad API that leads to bugs; prefer java.time.Instant or LocalDate.
    (see https://errorprone.info/bugpattern/JavaUtilDate)
[WARNING] /tmp/dspace-backend-package-2beaws0r/dspace-backend-java-offline/dspace-backend/dspace-swordv2/src/main/java/org/dspace/sword2/DSpaceSwordAPI.java:[444,31] [DefaultCharset] Implicit use of the platform default charset, which can result in differing behaviour between JVM executions or incorrect behavior if the encoding of the data source doesn't match expectations.
    (see https://errorprone.info/bugpattern/DefaultCharset)
  Did you mean 'Files.newBufferedWriter(headersFile.toPath(), UTF_8));' or 'Files.newBufferedWriter(headersFile.toPath(), Charset.defaultCharset()));'?
[WARNING] /tmp/dspace-backend-package-2beaws0r/dspace-backend-java-offline/dspace-backend/dspace-swordv2/src/main/java/org/dspace/sword2/DSpaceSwordAPI.java:[475,70] [JavaUtilDate] Date has a bad API that leads to bugs; prefer java.time.Instant or LocalDate.
    (see https://errorprone.info/bugpattern/JavaUtilDate)
[WARNING] /tmp/dspace-backend-package-2beaws0r/dspace-backend-java-offline/dspace-backend/dspace-swordv2/src/main/java/org/dspace/sword2/DSpaceSwordAPI.java:[475,50] [UnnecessaryParentheses] These grouping parentheses are unnecessary; it is unlikely the code will be misinterpreted without them
    (see https://errorprone.info/bugpattern/UnnecessaryParentheses)
  Did you mean '"sword-" + auth.getUsername() + "-" +  new Date().getTime();'?
[WARNING] /tmp/dspace-backend-package-2beaws0r/dspace-backend-java-offline/dspace-backend/dspace-swordv2/src/main/java/org/dspace/sword2/DSpaceSwordAPI.java:[475,51] [JavaUtilDate] Date has a bad API that leads to bugs; prefer java.time.Instant or LocalDate.
    (see https://errorprone.info/bugpattern/JavaUtilDate)
[WARNING] /tmp/dspace-backend-package-2beaws0r/dspace-backend-java-offline/dspace-backend/dspace-swordv2/src/main/java/org/dspace/sword2/DSpaceSwordAPI.java:[481,73] [DefaultCharset] Implicit use of the platform default charset, which can result in differing behaviour between JVM executions or incorrect behavior if the encoding of the data source doesn't match expectations.
    (see https://errorprone.info/bugpattern/DefaultCharset)
  Did you mean 'ByteArrayInputStream is = new ByteArrayInputStream(entry.getBytes(UTF_8));' or 'ByteArrayInputStream is = new ByteArrayInputStream(entry.getBytes(Charset.defaultCharset()));'?
[WARNING] /tmp/dspace-backend-package-2beaws0r/dspace-backend-java-offline/dspace-backend/dspace-swordv2/src/main/java/org/dspace/sword2/DSpaceSwordAPI.java:[490,31] [DefaultCharset] Implicit use of the platform default charset, which can result in differing behaviour between JVM executions or incorrect behavior if the encoding of the data source doesn't match expectations.
    (see https://errorprone.info/bugpattern/DefaultCharset)
  Did you mean 'Files.newBufferedWriter(headersFile.toPath(), UTF_8));' or 'Files.newBufferedWriter(headersFile.toPath(), Charset.defaultCharset()));'?
[WARNING] /tmp/dspace-backend-package-2beaws0r/dspace-backend-java-offline/dspace-backend/dspace-swordv2/src/main/java/org/dspace/sword2/SwordContext.java:[59,7] [MissingSummary] A summary fragment is required; consider using the value of the @return block as a summary fragment instead.
    (see https://google.github.io/styleguide/javaguide.html#s7.2-summary-fragment)
  Did you mean '*Returns the authenticated user.'?
[WARNING] /tmp/dspace-backend-package-2beaws0r/dspace-backend-java-offline/dspace-backend/dspace-swordv2/src/main/java/org/dspace/sword2/SwordContext.java:[66,7] [MissingSummary] A summary line is required on public/protected Javadocs.
    (see https://google.github.io/styleguide/javaguide.html#s7.2-summary-fragment)
[WARNING] /tmp/dspace-backend-package-2beaws0r/dspace-backend-java-offline/dspace-backend/dspace-swordv2/src/main/java/org/dspace/sword2/SwordContext.java:[73,7] [MissingSummary] A summary fragment is required; consider using the value of the @return block as a summary fragment instead.
    (see https://google.github.io/styleguide/javaguide.html#s7.2-summary-fragment)
  Did you mean '*Returns the onBehalfOf user.'?
[WARNING] /tmp/dspace-backend-package-2beaws0r/dspace-backend-java-offline/dspace-backend/dspace-swordv2/src/main/java/org/dspace/sword2/SwordContext.java:[80,7] [MissingSummary] A summary line is required on public/protected Javadocs.
    (see https://google.github.io/styleguide/javaguide.html#s7.2-summary-fragment)
[WARNING] /tmp/dspace-backend-package-2beaws0r/dspace-backend-java-offline/dspace-backend/dspace-swordv2/src/main/java/org/dspace/sword2/CollectionListManagerDSpace.java:[99,52] [UnusedVariable] The parameter 'swordConfig' is never read.
    (see https://errorprone.info/bugpattern/UnusedVariable)
  Did you mean 'List<Item> items = this.listItems(sc, collection);'?
[WARNING] /tmp/dspace-backend-package-2beaws0r/dspace-backend-java-offline/dspace-backend/dspace-swordv2/src/main/java/org/dspace/sword2/CommunityCollectionGenerator.java:[36,27] [MissingOverride] buildCollection implements method in AtomCollectionGenerator; expected @Override
    (see https://errorprone.info/bugpattern/MissingOverride)
  Did you mean '@Override public SwordCollection buildCollection(Context context, DSpaceObject dso,'?
[WARNING] /tmp/dspace-backend-package-2beaws0r/dspace-backend-java-offline/dspace-backend/dspace-swordv2/src/main/java/org/dspace/sword2/ContainerManagerDSpace.java:[62,37] [UnusedVariable] The local variable 'config' is never read.
    (see https://errorprone.info/bugpattern/UnusedVariable)
  Did you mean to remove this line?
[WARNING] /tmp/dspace-backend-package-2beaws0r/dspace-backend-java-offline/dspace-backend/dspace-swordv2/src/main/java/org/dspace/sword2/ContainerManagerDSpace.java:[683,88] [UnusedVariable] The parameter 'authCredentials' is never read.
    (see https://errorprone.info/bugpattern/UnusedVariable)
  Did you mean 'sc, item, deposit, config);'?
[WARNING] /tmp/dspace-backend-package-2beaws0r/dspace-backend-java-offline/dspace-backend/dspace-swordv2/src/main/java/org/dspace/sword2/ContainerManagerDSpace.java:[619,91] [UnusedVariable] The parameter 'authCredentials' is never read.
    (see https://errorprone.info/bugpattern/UnusedVariable)
  Did you mean 'sc, item, deposit, config);'?
[WARNING] /tmp/dspace-backend-package-2beaws0r/dspace-backend-java-offline/dspace-backend/dspace-swordv2/src/main/java/org/dspace/sword2/ContainerManagerDSpace.java:[70,39] [UnusedVariable] The local variable 'disseminator' is never read.
    (see https://errorprone.info/bugpattern/UnusedVariable)
  Did you mean to remove this line?
[WARNING] /tmp/dspace-backend-package-2beaws0r/dspace-backend-java-offline/dspace-backend/dspace-swordv2/src/main/java/org/dspace/sword2/ContainerManagerDSpace.java:[55,19] [MissingOverride] isStatementRequest implements method in ContainerManager; expected @Override
    (see https://errorprone.info/bugpattern/MissingOverride)
  Did you mean '@Override public boolean isStatementRequest(String editIRI,'?
[WARNING] /tmp/dspace-backend-package-2beaws0r/dspace-backend-java-offline/dspace-backend/dspace-swordv2/src/main/java/org/dspace/sword2/ContainerManagerDSpace.java:[92,26] [MissingOverride] getEntry implements method in ContainerManager; expected @Override
    (see https://errorprone.info/bugpattern/MissingOverride)
  Did you mean '@Override public DepositReceipt getEntry(String editIRI, Map<String, String> accept,'?
[WARNING] /tmp/dspace-backend-package-2beaws0r/dspace-backend-java-offline/dspace-backend/dspace-swordv2/src/main/java/org/dspace/sword2/ContainerManagerDSpace.java:[126,26] [MissingOverride] replaceMetadata implements method in ContainerManager; expected @Override
    (see https://errorprone.info/bugpattern/MissingOverride)
  Did you mean '@Override public DepositReceipt replaceMetadata(String editIRI, Deposit deposit,'?
[WARNING] /tmp/dspace-backend-package-2beaws0r/dspace-backend-java-offline/dspace-backend/dspace-swordv2/src/main/java/org/dspace/sword2/ContainerManagerDSpace.java:[130,21] [JavaUtilDate] Date has a bad API that leads to bugs; prefer java.time.Instant or LocalDate.
    (see https://errorprone.info/bugpattern/JavaUtilDate)
[WARNING] /tmp/dspace-backend-package-2beaws0r/dspace-backend-java-offline/dspace-backend/dspace-swordv2/src/main/java/org/dspace/sword2/ContainerManagerDSpace.java:[205,26] [JavaUtilDate] Date has a bad API that leads to bugs; prefer java.time.Instant or LocalDate.
    (see https://errorprone.info/bugpattern/JavaUtilDate)
[WARNING] /tmp/dspace-backend-package-2beaws0r/dspace-backend-java-offline/dspace-backend/dspace-swordv2/src/main/java/org/dspace/sword2/ContainerManagerDSpace.java:[206,39] [JavaUtilDate] Date has a bad API that leads to bugs; prefer java.time.Instant or LocalDate.
    (see https://errorprone.info/bugpattern/JavaUtilDate)
[WARNING] /tmp/dspace-backend-package-2beaws0r/dspace-backend-java-offline/dspace-backend/dspace-swordv2/src/main/java/org/dspace/sword2/ContainerManagerDSpace.java:[206,57] [JavaUtilDate] Date has a bad API that leads to bugs; prefer java.time.Instant or LocalDate.
    (see https://errorprone.info/bugpattern/JavaUtilDate)
[WARNING] /tmp/dspace-backend-package-2beaws0r/dspace-backend-java-offline/dspace-backend/dspace-swordv2/src/main/java/org/dspace/sword2/ContainerManagerDSpace.java:[228,26] [MissingOverride] replaceMetadataAndMediaResource implements method in ContainerManager; expected @Override
    (see https://errorprone.info/bugpattern/MissingOverride)
  Did you mean '@Override public DepositReceipt replaceMetadataAndMediaResource(String editIRI,'?
[WARNING] /tmp/dspace-backend-package-2beaws0r/dspace-backend-java-offline/dspace-backend/dspace-swordv2/src/main/java/org/dspace/sword2/ContainerManagerDSpace.java:[233,21] [JavaUtilDate] Date has a bad API that leads to bugs; prefer java.time.Instant or LocalDate.
    (see https://errorprone.info/bugpattern/JavaUtilDate)
[WARNING] /tmp/dspace-backend-package-2beaws0r/dspace-backend-java-offline/dspace-backend/dspace-swordv2/src/main/java/org/dspace/sword2/ContainerManagerDSpace.java:[312,26] [JavaUtilDate] Date has a bad API that leads to bugs; prefer java.time.Instant or LocalDate.
    (see https://errorprone.info/bugpattern/JavaUtilDate)
[WARNING] /tmp/dspace-backend-package-2beaws0r/dspace-backend-java-offline/dspace-backend/dspace-swordv2/src/main/java/org/dspace/sword2/ContainerManagerDSpace.java:[313,39] [JavaUtilDate] Date has a bad API that leads to bugs; prefer java.time.Instant or LocalDate.
    (see https://errorprone.info/bugpattern/JavaUtilDate)
[WARNING] /tmp/dspace-backend-package-2beaws0r/dspace-backend-java-offline/dspace-backend/dspace-swordv2/src/main/java/org/dspace/sword2/ContainerManagerDSpace.java:[313,57] [JavaUtilDate] Date has a bad API that leads to bugs; prefer java.time.Instant or LocalDate.
    (see https://errorprone.info/bugpattern/JavaUtilDate)
[WARNING] /tmp/dspace-backend-package-2beaws0r/dspace-backend-java-offline/dspace-backend/dspace-swordv2/src/main/java/org/dspace/sword2/ContainerManagerDSpace.java:[335,26] [MissingOverride] addMetadataAndResources implements method in ContainerManager; expected @Override
    (see https://errorprone.info/bugpattern/MissingOverride)
  Did you mean '@Override public DepositReceipt addMetadataAndResources(String s, Deposit deposit,'?
[WARNING] /tmp/dspace-backend-package-2beaws0r/dspace-backend-java-offline/dspace-backend/dspace-swordv2/src/main/java/org/dspace/sword2/ContainerManagerDSpace.java:[341,26] [MissingOverride] addMetadata implements method in ContainerManager; expected @Override
    (see https://errorprone.info/bugpattern/MissingOverride)
  Did you mean '@Override public DepositReceipt addMetadata(String editIRI, Deposit deposit,'?
[WARNING] /tmp/dspace-backend-package-2beaws0r/dspace-backend-java-offline/dspace-backend/dspace-swordv2/src/main/java/org/dspace/sword2/ContainerManagerDSpace.java:[345,21] [JavaUtilDate] Date has a bad API that leads to bugs; prefer java.time.Instant or LocalDate.
    (see https://errorprone.info/bugpattern/JavaUtilDate)
[WARNING] /tmp/dspace-backend-package-2beaws0r/dspace-backend-java-offline/dspace-backend/dspace-swordv2/src/main/java/org/dspace/sword2/ContainerManagerDSpace.java:[420,26] [JavaUtilDate] Date has a bad API that leads to bugs; prefer java.time.Instant or LocalDate.
    (see https://errorprone.info/bugpattern/JavaUtilDate)
[WARNING] /tmp/dspace-backend-package-2beaws0r/dspace-backend-java-offline/dspace-backend/dspace-swordv2/src/main/java/org/dspace/sword2/ContainerManagerDSpace.java:[421,39] [JavaUtilDate] Date has a bad API that leads to bugs; prefer java.time.Instant or LocalDate.
    (see https://errorprone.info/bugpattern/JavaUtilDate)
[WARNING] /tmp/dspace-backend-package-2beaws0r/dspace-backend-java-offline/dspace-backend/dspace-swordv2/src/main/java/org/dspace/sword2/ContainerManagerDSpace.java:[421,57] [JavaUtilDate] Date has a bad API that leads to bugs; prefer java.time.Instant or LocalDate.
    (see https://errorprone.info/bugpattern/JavaUtilDate)
[WARNING] /tmp/dspace-backend-package-2beaws0r/dspace-backend-java-offline/dspace-backend/dspace-swordv2/src/main/java/org/dspace/sword2/ContainerManagerDSpace.java:[443,26] [MissingOverride] addResources implements method in ContainerManager; expected @Override
    (see https://errorprone.info/bugpattern/MissingOverride)
  Did you mean '@Override public DepositReceipt addResources(String s, Deposit deposit,'?
[WARNING] /tmp/dspace-backend-package-2beaws0r/dspace-backend-java-offline/dspace-backend/dspace-swordv2/src/main/java/org/dspace/sword2/ContainerManagerDSpace.java:[449,16] [MissingOverride] deleteContainer implements method in ContainerManager; expected @Override
    (see https://errorprone.info/bugpattern/MissingOverride)
  Did you mean '@Override public void deleteContainer(String editIRI, AuthCredentials authCredentials,'?
[WARNING] /tmp/dspace-backend-package-2beaws0r/dspace-backend-java-offline/dspace-backend/dspace-swordv2/src/main/java/org/dspace/sword2/ContainerManagerDSpace.java:[453,21] [JavaUtilDate] Date has a bad API that leads to bugs; prefer java.time.Instant or LocalDate.
    (see https://errorprone.info/bugpattern/JavaUtilDate)
[WARNING] /tmp/dspace-backend-package-2beaws0r/dspace-backend-java-offline/dspace-backend/dspace-swordv2/src/main/java/org/dspace/sword2/ContainerManagerDSpace.java:[507,26] [JavaUtilDate] Date has a bad API that leads to bugs; prefer java.time.Instant or LocalDate.
    (see https://errorprone.info/bugpattern/JavaUtilDate)
[WARNING] /tmp/dspace-backend-package-2beaws0r/dspace-backend-java-offline/dspace-backend/dspace-swordv2/src/main/java/org/dspace/sword2/ContainerManagerDSpace.java:[508,39] [JavaUtilDate] Date has a bad API that leads to bugs; prefer java.time.Instant or LocalDate.
    (see https://errorprone.info/bugpattern/JavaUtilDate)
[WARNING] /tmp/dspace-backend-package-2beaws0r/dspace-backend-java-offline/dspace-backend/dspace-swordv2/src/main/java/org/dspace/sword2/ContainerManagerDSpace.java:[508,57] [JavaUtilDate] Date has a bad API that leads to bugs; prefer java.time.Instant or LocalDate.
    (see https://errorprone.info/bugpattern/JavaUtilDate)
[WARNING] /tmp/dspace-backend-package-2beaws0r/dspace-backend-java-offline/dspace-backend/dspace-swordv2/src/main/java/org/dspace/sword2/ContainerManagerDSpace.java:[527,26] [MissingOverride] useHeaders implements method in ContainerManager; expected @Override
    (see https://errorprone.info/bugpattern/MissingOverride)
  Did you mean '@Override public DepositReceipt useHeaders(String editIRI, Deposit deposit,'?
[WARNING] /tmp/dspace-backend-package-2beaws0r/dspace-backend-java-offline/dspace-backend/dspace-swordv2/src/main/java/org/dspace/sword2/ContainerManagerDSpace.java:[531,21] [JavaUtilDate] Date has a bad API that leads to bugs; prefer java.time.Instant or LocalDate.
    (see https://errorprone.info/bugpattern/JavaUtilDate)
[WARNING] /tmp/dspace-backend-package-2beaws0r/dspace-backend-java-offline/dspace-backend/dspace-swordv2/src/main/java/org/dspace/sword2/ContainerManagerDSpace.java:[595,26] [JavaUtilDate] Date has a bad API that leads to bugs; prefer java.time.Instant or LocalDate.
    (see https://errorprone.info/bugpattern/JavaUtilDate)
[WARNING] /tmp/dspace-backend-package-2beaws0r/dspace-backend-java-offline/dspace-backend/dspace-swordv2/src/main/java/org/dspace/sword2/ContainerManagerDSpace.java:[596,39] [JavaUtilDate] Date has a bad API that leads to bugs; prefer java.time.Instant or LocalDate.
    (see https://errorprone.info/bugpattern/JavaUtilDate)
[WARNING] /tmp/dspace-backend-package-2beaws0r/dspace-backend-java-offline/dspace-backend/dspace-swordv2/src/main/java/org/dspace/sword2/ContainerManagerDSpace.java:[596,57] [JavaUtilDate] Date has a bad API that leads to bugs; prefer java.time.Instant or LocalDate.
    (see https://errorprone.info/bugpattern/JavaUtilDate)
[WARNING] /tmp/dspace-backend-package-2beaws0r/dspace-backend-java-offline/dspace-backend/dspace-swordv2/src/main/java/org/dspace/sword2/FeedContentDisseminator.java:[115,25] [JavaUtilDate] Date has a bad API that leads to bugs; prefer java.time.Instant or LocalDate.
    (see https://errorprone.info/bugpattern/JavaUtilDate)
[WARNING] /tmp/dspace-backend-package-2beaws0r/dspace-backend-java-offline/dspace-backend/dspace-swordv2/src/main/java/org/dspace/sword2/MediaResourceManagerDSpace.java:[819,70] [UnusedVariable] The parameter 'authCredentials' is never read.
    (see https://errorprone.info/bugpattern/UnusedVariable)
  Did you mean '.addContent(sc, item, deposit, config);'?
[WARNING] /tmp/dspace-backend-package-2beaws0r/dspace-backend-java-offline/dspace-backend/dspace-swordv2/src/main/java/org/dspace/sword2/MediaResourceManagerDSpace.java:[699,58] [UnusedVariable] The parameter 'swordConfig' is never read.
    (see https://errorprone.info/bugpattern/UnusedVariable)
  Did you mean 'this.removeBitstream(sc, bitstream, items, authCredentials);'?
[WARNING] /tmp/dspace-backend-package-2beaws0r/dspace-backend-java-offline/dspace-backend/dspace-swordv2/src/main/java/org/dspace/sword2/MediaResourceManagerDSpace.java:[677,56] [UnusedVariable] The parameter 'swordConfig' is never read.
    (see https://errorprone.info/bugpattern/UnusedVariable)
  Did you mean 'this.removeContent(sc, item, authCredentials);'?
[WARNING] /tmp/dspace-backend-package-2beaws0r/dspace-backend-java-offline/dspace-backend/dspace-swordv2/src/main/java/org/dspace/sword2/MediaResourceManagerDSpace.java:[676,47] [UnusedVariable] The parameter 'authCredentials' is never read.
    (see https://errorprone.info/bugpattern/UnusedVariable)
  Did you mean 'this.removeContent(sc, item, config);'?
[WARNING] /tmp/dspace-backend-package-2beaws0r/dspace-backend-java-offline/dspace-backend/dspace-swordv2/src/main/java/org/dspace/sword2/MediaResourceManagerDSpace.java:[231,41] [UnusedVariable] The parameter 'context' is never read.
    (see https://errorprone.info/bugpattern/UnusedVariable)
  Did you mean 'mr.setLastModified(this.getLastModified(bitstream));'?
[WARNING] /tmp/dspace-backend-package-2beaws0r/dspace-backend-java-offline/dspace-backend/dspace-swordv2/src/main/java/org/dspace/sword2/MediaResourceManagerDSpace.java:[715,65] [UnusedVariable] The parameter 'authCredentials' is never read.
    (see https://errorprone.info/bugpattern/UnusedVariable)
  Did you mean 'this.replaceContent(sc, item, deposit,'?
[WARNING] /tmp/dspace-backend-package-2beaws0r/dspace-backend-java-offline/dspace-backend/dspace-swordv2/src/main/java/org/dspace/sword2/MediaResourceManagerDSpace.java:[698,67] [UnusedVariable] The parameter 'authCredentials' is never read.
    (see https://errorprone.info/bugpattern/UnusedVariable)
  Did you mean 'this.removeBitstream(sc, bitstream, items,'?
[WARNING] /tmp/dspace-backend-package-2beaws0r/dspace-backend-java-offline/dspace-backend/dspace-swordv2/src/main/java/org/dspace/sword2/MediaResourceManagerDSpace.java:[131,25] [MissingOverride] getMediaResourceRepresentation implements method in MediaResourceManager; expected @Override
    (see https://errorprone.info/bugpattern/MissingOverride)
  Did you mean '@Override public MediaResource getMediaResourceRepresentation(String uri,'?
[WARNING] /tmp/dspace-backend-package-2beaws0r/dspace-backend-java-offline/dspace-backend/dspace-swordv2/src/main/java/org/dspace/sword2/MediaResourceManagerDSpace.java:[241,43] [JavaUtilDate] Date has a bad API that leads to bugs; prefer java.time.Instant or LocalDate.
    (see https://errorprone.info/bugpattern/JavaUtilDate)
[WARNING] /tmp/dspace-backend-package-2beaws0r/dspace-backend-java-offline/dspace-backend/dspace-swordv2/src/main/java/org/dspace/sword2/MediaResourceManagerDSpace.java:[241,58] [JavaUtilDate] Date has a bad API that leads to bugs; prefer java.time.Instant or LocalDate.
    (see https://errorprone.info/bugpattern/JavaUtilDate)
[WARNING] /tmp/dspace-backend-package-2beaws0r/dspace-backend-java-offline/dspace-backend/dspace-swordv2/src/main/java/org/dspace/sword2/MediaResourceManagerDSpace.java:[247,19] [JavaUtilDate] Date has a bad API that leads to bugs; prefer java.time.Instant or LocalDate.
    (see https://errorprone.info/bugpattern/JavaUtilDate)
[INFO] 
[INFO] --- resources:3.5.0:testResources (default-testResources) @ dspace-swordv2 ---
[INFO] skip non existing resourceDirectory /tmp/dspace-backend-package-2beaws0r/dspace-backend-java-offline/dspace-backend/dspace-swordv2/src/test/resources
[INFO] 
[INFO] --- xml:1.2.1:validate (validate-ALL-xml-and-xsl) @ dspace-swordv2 ---
[INFO] 
[INFO] --- compiler:3.15.0:testCompile (default-testCompile) @ dspace-swordv2 ---
[INFO] No sources to compile
[INFO] 
[INFO] --- surefire:2.22.2:test (default-test) @ dspace-swordv2 ---
[INFO] Tests are skipped.
[INFO] 
[INFO] --- jar:3.5.0:jar (default-jar) @ dspace-swordv2 ---
[INFO] Building jar: /tmp/dspace-backend-package-2beaws0r/dspace-backend-java-offline/dspace-backend/dspace-swordv2/target/dspace-swordv2-7.6.7.jar
[INFO] 
[INFO] ------------------< org.dspace:dspace-server-webapp >-------------------
[INFO] Building DSpace Server Webapp 7.6.7                              [11/13]
[INFO]   from dspace-server-webapp/pom.xml
[INFO] --------------------------------[ war ]---------------------------------
[INFO] 
[INFO] --- enforcer:3.6.2:enforce (enforce-java) @ dspace-server-webapp ---
[INFO] 
[INFO] --- enforcer:3.6.2:enforce (enforce-versions) @ dspace-server-webapp ---
[INFO] Rule 0: org.apache.maven.enforcer.rules.dependency.DependencyConvergence passed
[INFO] 
[INFO] --- enforcer:3.6.2:enforce (ban-dependencies) @ dspace-server-webapp ---
[INFO] Rule 0: org.apache.maven.enforcer.rules.dependency.BannedDependencies passed
[INFO] 
[INFO] --- groovy:2.1.1:execute (setproperty) @ dspace-server-webapp ---
[INFO] Initializing Maven property 'agnostic.build.dir' to: /tmp/dspace-backend-package-2beaws0r/dspace-backend-java-offline/dspace-backend/dspace-server-webapp/target
[INFO] 
[INFO] --- resources:3.5.0:resources (default-resources) @ dspace-server-webapp ---
[INFO] Copying 4 resources from src/main/resources to target/classes
[INFO] 
[INFO] --- compiler:3.15.0:compile (default-compile) @ dspace-server-webapp ---
[INFO] Recompiling the module because of changed dependency.
[INFO] Compiling 806 source files with javac [forked debug release 11] to target/classes
[WARNING] /tmp/dspace-backend-package-2beaws0r/dspace-backend-java-offline/dspace-backend/dspace-server-webapp/src/main/java/org/dspace/app/rest/link/process/SubmissionCCLicenseUrlResourceHalLinkFactory.java:[57,65] non-varargs call of varargs method with inexact argument type for last parameter;
  cast to Object for a varargs call
  cast to Object[] for a non-varargs call and to suppress this warning
[WARNING] /tmp/dspace-backend-package-2beaws0r/dspace-backend-java-offline/dspace-backend/dspace-server-webapp/src/main/java/org/dspace/app/rest/Application.java:[69,32] [UnusedVariable] The field 'log' is never read.
    (see https://errorprone.info/bugpattern/UnusedVariable)
  Did you mean to remove this line or 'static { LoggerFactory.getLogger(Application.class); }'?
[WARNING] /tmp/dspace-backend-package-2beaws0r/dspace-backend-java-offline/dspace-backend/dspace-server-webapp/src/main/java/org/dspace/app/rest/Application.java:[101,7] [EmptyBlockTag] A block tag (@param, @return, @throws, @deprecated) has an empty description. Block tags without descriptions don't add much value for future readers of the code; consider removing the tag entirely or adding a description.
    (see https://google.github.io/styleguide/javaguide.html#s7.1.3-javadoc-block-tags)
  Did you mean '*'?
[WARNING] /tmp/dspace-backend-package-2beaws0r/dspace-backend-java-offline/dspace-backend/dspace-server-webapp/src/main/java/org/dspace/app/rest/Application.java:[102,7] [EmptyBlockTag] A block tag (@param, @return, @throws, @deprecated) has an empty description. Block tags without descriptions don't add much value for future readers of the code; consider removing the tag entirely or adding a description.
    (see https://google.github.io/styleguide/javaguide.html#s7.1.3-javadoc-block-tags)
  Did you mean '*'?
[WARNING] /tmp/dspace-backend-package-2beaws0r/dspace-backend-java-offline/dspace-backend/dspace-server-webapp/src/main/java/org/dspace/app/rest/AuthenticationRestController.java:[267,32] [UnusedVariable] This assignment to the local variable 'context' is never read.
    (see https://errorprone.info/bugpattern/UnusedVariable)
  Did you mean to remove this line?
[WARNING] /tmp/dspace-backend-package-2beaws0r/dspace-backend-java-offline/dspace-backend/dspace-server-webapp/src/main/java/org/dspace/app/rest/AuthenticationRestController.java:[85,30] [UnusedVariable] The field 'clientInfoService' is never read.
    (see https://errorprone.info/bugpattern/UnusedVariable)
  Did you mean to remove this line?
[WARNING] /tmp/dspace-backend-package-2beaws0r/dspace-backend-java-offline/dspace-backend/dspace-server-webapp/src/main/java/org/dspace/app/rest/AuthenticationRestController.java:[79,27] [UnusedVariable] The field 'halLinkService' is never read.
    (see https://errorprone.info/bugpattern/UnusedVariable)
  Did you mean to remove this line?
[WARNING] /tmp/dspace-backend-package-2beaws0r/dspace-backend-java-offline/dspace-backend/dspace-server-webapp/src/main/java/org/dspace/app/rest/AuthenticationRestController.java:[76,29] [UnusedVariable] The field 'ePersonConverter' is never read.
    (see https://errorprone.info/bugpattern/UnusedVariable)
  Did you mean to remove this line?
[WARNING] /tmp/dspace-backend-package-2beaws0r/dspace-backend-java-offline/dspace-backend/dspace-server-webapp/src/main/java/org/dspace/app/rest/AuthenticationRestController.java:[67,32] [UnusedVariable] The field 'log' is never read.
    (see https://errorprone.info/bugpattern/UnusedVariable)
  Did you mean to remove this line or 'static { LoggerFactory.getLogger(AuthenticationRestController.class); }'?
[WARNING] /tmp/dspace-backend-package-2beaws0r/dspace-backend-java-offline/dspace-backend/dspace-server-webapp/src/main/java/org/dspace/app/rest/AuthenticationRestController.java:[111,7] [EmptyBlockTag] A block tag (@param, @return, @throws, @deprecated) has an empty description. Block tags without descriptions don't add much value for future readers of the code; consider removing the tag entirely or adding a description.
    (see https://google.github.io/styleguide/javaguide.html#s7.1.3-javadoc-block-tags)
  Did you mean '*'?
[WARNING] /tmp/dspace-backend-package-2beaws0r/dspace-backend-java-offline/dspace-backend/dspace-server-webapp/src/main/java/org/dspace/app/rest/AuthenticationRestController.java:[145,7] [EmptyBlockTag] A block tag (@param, @return, @throws, @deprecated) has an empty description. Block tags without descriptions don't add much value for future readers of the code; consider removing the tag entirely or adding a description.
    (see https://google.github.io/styleguide/javaguide.html#s7.1.3-javadoc-block-tags)
  Did you mean '*'?
[WARNING] /tmp/dspace-backend-package-2beaws0r/dspace-backend-java-offline/dspace-backend/dspace-server-webapp/src/main/java/org/dspace/app/rest/AuthenticationRestController.java:[146,7] [EmptyBlockTag] A block tag (@param, @return, @throws, @deprecated) has an empty description. Block tags without descriptions don't add much value for future readers of the code; consider removing the tag entirely or adding a description.
    (see https://google.github.io/styleguide/javaguide.html#s7.1.3-javadoc-block-tags)
  Did you mean '*'?
[WARNING] /tmp/dspace-backend-package-2beaws0r/dspace-backend-java-offline/dspace-backend/dspace-server-webapp/src/main/java/org/dspace/app/rest/AuthenticationRestController.java:[147,7] [EmptyBlockTag] A block tag (@param, @return, @throws, @deprecated) has an empty description. Block tags without descriptions don't add much value for future readers of the code; consider removing the tag entirely or adding a description.
    (see https://google.github.io/styleguide/javaguide.html#s7.1.3-javadoc-block-tags)
  Did you mean '*'?
[WARNING] /tmp/dspace-backend-package-2beaws0r/dspace-backend-java-offline/dspace-backend/dspace-server-webapp/src/main/java/org/dspace/app/rest/AuthenticationRestController.java:[148,7] [EmptyBlockTag] A block tag (@param, @return, @throws, @deprecated) has an empty description. Block tags without descriptions don't add much value for future readers of the code; consider removing the tag entirely or adding a description.
    (see https://google.github.io/styleguide/javaguide.html#s7.1.3-javadoc-block-tags)
  Did you mean '*'?
[WARNING] /tmp/dspace-backend-package-2beaws0r/dspace-backend-java-offline/dspace-backend/dspace-server-webapp/src/main/java/org/dspace/app/rest/AuthenticationRestController.java:[149,7] [EmptyBlockTag] A block tag (@param, @return, @throws, @deprecated) has an empty description. Block tags without descriptions don't add much value for future readers of the code; consider removing the tag entirely or adding a description.
    (see https://google.github.io/styleguide/javaguide.html#s7.1.3-javadoc-block-tags)
  Did you mean '*'?
[WARNING] /tmp/dspace-backend-package-2beaws0r/dspace-backend-java-offline/dspace-backend/dspace-server-webapp/src/main/java/org/dspace/app/rest/AuthenticationRestController.java:[150,7] [EmptyBlockTag] A block tag (@param, @return, @throws, @deprecated) has an empty description. Block tags without descriptions don't add much value for future readers of the code; consider removing the tag entirely or adding a description.
    (see https://google.github.io/styleguide/javaguide.html#s7.1.3-javadoc-block-tags)
  Did you mean '*'?
[WARNING] /tmp/dspace-backend-package-2beaws0r/dspace-backend-java-offline/dspace-backend/dspace-server-webapp/src/main/java/org/dspace/app/rest/DiscoverableEndpointsService.java:[85,39] [UnusedVariable] The parameter 'controller' is never read.
    (see https://errorprone.info/bugpattern/UnusedVariable)
  Did you mean 'if (isLinkValid(link.getHref())) {'?
[WARNING] /tmp/dspace-backend-package-2beaws0r/dspace-backend-java-offline/dspace-backend/dspace-server-webapp/src/main/java/org/dspace/app/rest/DiscoverableEndpointsService.java:[85,58] [UnusedVariable] The parameter 'href' is never read.
    (see https://errorprone.info/bugpattern/UnusedVariable)
  Did you mean 'if (isLinkValid(controller.getKey())) {'?
[WARNING] /tmp/dspace-backend-package-2beaws0r/dspace-backend-java-offline/dspace-backend/dspace-server-webapp/src/main/java/org/dspace/app/rest/converter/ConverterService.java:[109,20] [TypeParameterUnusedInFormals] Declaring a type parameter that is only used in the return type is a misuse of generics: operations on the type parameter are unchecked, it hides unsafe casts at invocations of the method, and it interacts badly with method overload resolution.
    (see https://errorprone.info/bugpattern/TypeParameterUnusedInFormals)
[WARNING] /tmp/dspace-backend-package-2beaws0r/dspace-backend-java-offline/dspace-backend/dspace-server-webapp/src/main/java/org/dspace/app/rest/converter/ConverterService.java:[209,34] [JdkObsolete] It is very rare for LinkedList to out-perform ArrayList or ArrayDeque. Avoid it unless you're willing to invest a lot of time into benchmarking. Caveat: LinkedList supports null elements, but ArrayDeque does not.
    (see https://errorprone.info/bugpattern/JdkObsolete)
  Did you mean 'List<R> transformedList = new ArrayList<>();'?
[WARNING] /tmp/dspace-backend-package-2beaws0r/dspace-backend-java-offline/dspace-backend/dspace-server-webapp/src/main/java/org/dspace/app/rest/converter/ConverterService.java:[233,34] [JdkObsolete] It is very rare for LinkedList to out-perform ArrayList or ArrayDeque. Avoid it unless you're willing to invest a lot of time into benchmarking. Caveat: LinkedList supports null elements, but ArrayDeque does not.
    (see https://errorprone.info/bugpattern/JdkObsolete)
  Did you mean 'List<R> transformedList = new ArrayList<>();'?
[WARNING] /tmp/dspace-backend-package-2beaws0r/dspace-backend-java-offline/dspace-backend/dspace-server-webapp/src/main/java/org/dspace/app/rest/converter/ConverterService.java:[278,37] [TypeParameterUnusedInFormals] Declaring a type parameter that is only used in the return type is a misuse of generics: operations on the type parameter are unchecked, it hides unsafe casts at invocations of the method, and it interacts badly with method overload resolution.
    (see https://errorprone.info/bugpattern/TypeParameterUnusedInFormals)
[WARNING] /tmp/dspace-backend-package-2beaws0r/dspace-backend-java-offline/dspace-backend/dspace-server-webapp/src/main/java/org/dspace/app/rest/converter/ConverterService.java:[299,37] [TypeParameterUnusedInFormals] Declaring a type parameter that is only used in the return type is a misuse of generics: operations on the type parameter are unchecked, it hides unsafe casts at invocations of the method, and it interacts badly with method overload resolution.
    (see https://errorprone.info/bugpattern/TypeParameterUnusedInFormals)
[WARNING] /tmp/dspace-backend-package-2beaws0r/dspace-backend-java-offline/dspace-backend/dspace-server-webapp/src/main/java/org/dspace/app/rest/converter/ConverterService.java:[339,38] [TypeParameterUnusedInFormals] Declaring a type parameter that is only used in the return type is a misuse of generics: operations on the type parameter are unchecked, it hides unsafe casts at invocations of the method, and it interacts badly with method overload resolution.
    (see https://errorprone.info/bugpattern/TypeParameterUnusedInFormals)
[WARNING] /tmp/dspace-backend-package-2beaws0r/dspace-backend-java-offline/dspace-backend/dspace-server-webapp/src/main/java/org/dspace/app/rest/converter/DSpaceConverter.java:[25,7] [EmptyBlockTag] A block tag (@param, @return, @throws, @deprecated) has an empty description. Block tags without descriptions don't add much value for future readers of the code; consider removing the tag entirely or adding a description.
    (see https://google.github.io/styleguide/javaguide.html#s7.1.3-javadoc-block-tags)
  Did you mean '*'?
[WARNING] /tmp/dspace-backend-package-2beaws0r/dspace-backend-java-offline/dspace-backend/dspace-server-webapp/src/main/java/org/dspace/app/rest/model/RestAddressableModel.java:[49,4] [NotJavadoc] Avoid using `/**` for comments which aren't actually Javadoc.
    (see https://errorprone.info/bugpattern/NotJavadoc)
  Did you mean '/*'?
[WARNING] /tmp/dspace-backend-package-2beaws0r/dspace-backend-java-offline/dspace-backend/dspace-server-webapp/src/main/java/org/dspace/app/rest/link/HalLinkService.java:[44,33] [JdkObsolete] It is very rare for LinkedList to out-perform ArrayList or ArrayDeque. Avoid it unless you're willing to invest a lot of time into benchmarking. Caveat: LinkedList supports null elements, but ArrayDeque does not.
    (see https://errorprone.info/bugpattern/JdkObsolete)
[WARNING] /tmp/dspace-backend-package-2beaws0r/dspace-backend-java-offline/dspace-backend/dspace-server-webapp/src/main/java/org/dspace/app/rest/security/RestAuthenticationService.java:[39,7] [EmptyBlockTag] A block tag (@param, @return, @throws, @deprecated) has an empty description. Block tags without descriptions don't add much value for future readers of the code; consider removing the tag entirely or adding a description.
    (see https://google.github.io/styleguide/javaguide.html#s7.1.3-javadoc-block-tags)
  Did you mean '*'?
[WARNING] /tmp/dspace-backend-package-2beaws0r/dspace-backend-java-offline/dspace-backend/dspace-server-webapp/src/main/java/org/dspace/app/rest/security/RestAuthenticationService.java:[78,7] [EmptyBlockTag] A block tag (@param, @return, @throws, @deprecated) has an empty description. Block tags without descriptions don't add much value for future readers of the code; consider removing the tag entirely or adding a description.
    (see https://google.github.io/styleguide/javaguide.html#s7.1.3-javadoc-block-tags)
  Did you mean '*'?
[WARNING] /tmp/dspace-backend-package-2beaws0r/dspace-backend-java-offline/dspace-backend/dspace-server-webapp/src/main/java/org/dspace/app/rest/utils/Utils.java:[165,7] [EmptyBlockTag] A block tag (@param, @return, @throws, @deprecated) has an empty description. Block tags without descriptions don't add much value for future readers of the code; consider removing the tag entirely or adding a description.
    (see https://google.github.io/styleguide/javaguide.html#s7.1.3-javadoc-block-tags)
  Did you mean '*'?
[WARNING] /tmp/dspace-backend-package-2beaws0r/dspace-backend-java-offline/dspace-backend/dspace-server-webapp/src/main/java/org/dspace/app/rest/utils/Utils.java:[167,7] [EmptyBlockTag] A block tag (@param, @return, @throws, @deprecated) has an empty description. Block tags without descriptions don't add much value for future readers of the code; consider removing the tag entirely or adding a description.
    (see https://google.github.io/styleguide/javaguide.html#s7.1.3-javadoc-block-tags)
  Did you mean '*'?
[WARNING] /tmp/dspace-backend-package-2beaws0r/dspace-backend-java-offline/dspace-backend/dspace-server-webapp/src/main/java/org/dspace/app/rest/utils/Utils.java:[182,7] [EmptyBlockTag] A block tag (@param, @return, @throws, @deprecated) has an empty description. Block tags without descriptions don't add much value for future readers of the code; consider removing the tag entirely or adding a description.
    (see https://google.github.io/styleguide/javaguide.html#s7.1.3-javadoc-block-tags)
  Did you mean '*'?
[WARNING] /tmp/dspace-backend-package-2beaws0r/dspace-backend-java-offline/dspace-backend/dspace-server-webapp/src/main/java/org/dspace/app/rest/utils/Utils.java:[184,7] [EmptyBlockTag] A block tag (@param, @return, @throws, @deprecated) has an empty description. Block tags without descriptions don't add much value for future readers of the code; consider removing the tag entirely or adding a description.
    (see https://google.github.io/styleguide/javaguide.html#s7.1.3-javadoc-block-tags)
  Did you mean '*'?
[WARNING] /tmp/dspace-backend-package-2beaws0r/dspace-backend-java-offline/dspace-backend/dspace-server-webapp/src/main/java/org/dspace/app/rest/utils/Utils.java:[263,7] [EmptyBlockTag] A block tag (@param, @return, @throws, @deprecated) has an empty description. Block tags without descriptions don't add much value for future readers of the code; consider removing the tag entirely or adding a description.
    (see https://google.github.io/styleguide/javaguide.html#s7.1.3-javadoc-block-tags)
  Did you mean '*'?
[WARNING] /tmp/dspace-backend-package-2beaws0r/dspace-backend-java-offline/dspace-backend/dspace-server-webapp/src/main/java/org/dspace/app/rest/utils/Utils.java:[264,7] [EmptyBlockTag] A block tag (@param, @return, @throws, @deprecated) has an empty description. Block tags without descriptions don't add much value for future readers of the code; consider removing the tag entirely or adding a description.
    (see https://google.github.io/styleguide/javaguide.html#s7.1.3-javadoc-block-tags)
  Did you mean '*'?
[WARNING] /tmp/dspace-backend-package-2beaws0r/dspace-backend-java-offline/dspace-backend/dspace-server-webapp/src/main/java/org/dspace/app/rest/utils/Utils.java:[278,7] [EmptyBlockTag] A block tag (@param, @return, @throws, @deprecated) has an empty description. Block tags without descriptions don't add much value for future readers of the code; consider removing the tag entirely or adding a description.
    (see https://google.github.io/styleguide/javaguide.html#s7.1.3-javadoc-block-tags)
  Did you mean '*'?
[WARNING] /tmp/dspace-backend-package-2beaws0r/dspace-backend-java-offline/dspace-backend/dspace-server-webapp/src/main/java/org/dspace/app/rest/utils/Utils.java:[279,7] [EmptyBlockTag] A block tag (@param, @return, @throws, @deprecated) has an empty description. Block tags without descriptions don't add much value for future readers of the code; consider removing the tag entirely or adding a description.
    (see https://google.github.io/styleguide/javaguide.html#s7.1.3-javadoc-block-tags)
  Did you mean '*'?
[WARNING] /tmp/dspace-backend-package-2beaws0r/dspace-backend-java-offline/dspace-backend/dspace-server-webapp/src/main/java/org/dspace/app/rest/utils/Utils.java:[343,7] [EmptyBlockTag] A block tag (@param, @return, @throws, @deprecated) has an empty description. Block tags without descriptions don't add much value for future readers of the code; consider removing the tag entirely or adding a description.
    (see https://google.github.io/styleguide/javaguide.html#s7.1.3-javadoc-block-tags)
  Did you mean '*'?
[WARNING] /tmp/dspace-backend-package-2beaws0r/dspace-backend-java-offline/dspace-backend/dspace-server-webapp/src/main/java/org/dspace/app/rest/utils/Utils.java:[355,7] [EmptyBlockTag] A block tag (@param, @return, @throws, @deprecated) has an empty description. Block tags without descriptions don't add much value for future readers of the code; consider removing the tag entirely or adding a description.
    (see https://google.github.io/styleguide/javaguide.html#s7.1.3-javadoc-block-tags)
  Did you mean '*'?
[WARNING] /tmp/dspace-backend-package-2beaws0r/dspace-backend-java-offline/dspace-backend/dspace-server-webapp/src/main/java/org/dspace/app/rest/utils/Utils.java:[356,7] [EmptyBlockTag] A block tag (@param, @return, @throws, @deprecated) has an empty description. Block tags without descriptions don't add much value for future readers of the code; consider removing the tag entirely or adding a description.
    (see https://google.github.io/styleguide/javaguide.html#s7.1.3-javadoc-block-tags)
  Did you mean '*'?
[WARNING] /tmp/dspace-backend-package-2beaws0r/dspace-backend-java-offline/dspace-backend/dspace-server-webapp/src/main/java/org/dspace/app/rest/utils/Utils.java:[355,7] [MissingSummary] A summary fragment is required; consider using the value of the @return block as a summary fragment instead.
    (see https://google.github.io/styleguide/javaguide.html#s7.2-summary-fragment)
  Did you mean '*Returns the LinkRest annotation corresponding to the specified rel in the rest class, or null if not found.'?
[WARNING] /tmp/dspace-backend-package-2beaws0r/dspace-backend-java-offline/dspace-backend/dspace-server-webapp/src/main/java/org/dspace/app/rest/utils/Utils.java:[369,7] [EmptyBlockTag] A block tag (@param, @return, @throws, @deprecated) has an empty description. Block tags without descriptions don't add much value for future readers of the code; consider removing the tag entirely or adding a description.
    (see https://google.github.io/styleguide/javaguide.html#s7.1.3-javadoc-block-tags)
  Did you mean '*'?
[WARNING] /tmp/dspace-backend-package-2beaws0r/dspace-backend-java-offline/dspace-backend/dspace-server-webapp/src/main/java/org/dspace/app/rest/utils/Utils.java:[370,7] [EmptyBlockTag] A block tag (@param, @return, @throws, @deprecated) has an empty description. Block tags without descriptions don't add much value for future readers of the code; consider removing the tag entirely or adding a description.
    (see https://google.github.io/styleguide/javaguide.html#s7.1.3-javadoc-block-tags)
  Did you mean '*'?
[WARNING] /tmp/dspace-backend-package-2beaws0r/dspace-backend-java-offline/dspace-backend/dspace-server-webapp/src/main/java/org/dspace/app/rest/utils/Utils.java:[371,7] [EmptyBlockTag] A block tag (@param, @return, @throws, @deprecated) has an empty description. Block tags without descriptions don't add much value for future readers of the code; consider removing the tag entirely or adding a description.
    (see https://google.github.io/styleguide/javaguide.html#s7.1.3-javadoc-block-tags)
  Did you mean '*'?
[WARNING] /tmp/dspace-backend-package-2beaws0r/dspace-backend-java-offline/dspace-backend/dspace-server-webapp/src/main/java/org/dspace/app/rest/utils/Utils.java:[372,7] [EmptyBlockTag] A block tag (@param, @return, @throws, @deprecated) has an empty description. Block tags without descriptions don't add much value for future readers of the code; consider removing the tag entirely or adding a description.
    (see https://google.github.io/styleguide/javaguide.html#s7.1.3-javadoc-block-tags)
  Did you mean '*'?
[WARNING] /tmp/dspace-backend-package-2beaws0r/dspace-backend-java-offline/dspace-backend/dspace-server-webapp/src/main/java/org/dspace/app/rest/utils/Utils.java:[389,7] [EmptyBlockTag] A block tag (@param, @return, @throws, @deprecated) has an empty description. Block tags without descriptions don't add much value for future readers of the code; consider removing the tag entirely or adding a description.
    (see https://google.github.io/styleguide/javaguide.html#s7.1.3-javadoc-block-tags)
  Did you mean '*'?
[WARNING] /tmp/dspace-backend-package-2beaws0r/dspace-backend-java-offline/dspace-backend/dspace-server-webapp/src/main/java/org/dspace/app/rest/utils/Utils.java:[390,7] [EmptyBlockTag] A block tag (@param, @return, @throws, @deprecated) has an empty description. Block tags without descriptions don't add much value for future readers of the code; consider removing the tag entirely or adding a description.
    (see https://google.github.io/styleguide/javaguide.html#s7.1.3-javadoc-block-tags)
  Did you mean '*'?
[WARNING] /tmp/dspace-backend-package-2beaws0r/dspace-backend-java-offline/dspace-backend/dspace-server-webapp/src/main/java/org/dspace/app/rest/utils/Utils.java:[397,25] [UnnecessaryParentheses] These grouping parentheses are unnecessary; it is unlikely the code will be misinterpreted without them
    (see https://errorprone.info/bugpattern/UnnecessaryParentheses)
  Did you mean 'String tempDir =  configurationService.hasProperty("upload.temp.dir")'?
[WARNING] /tmp/dspace-backend-package-2beaws0r/dspace-backend-java-offline/dspace-backend/dspace-server-webapp/src/main/java/org/dspace/app/rest/utils/Utils.java:[421,7] [EmptyBlockTag] A block tag (@param, @return, @throws, @deprecated) has an empty description. Block tags without descriptions don't add much value for future readers of the code; consider removing the tag entirely or adding a description.
    (see https://google.github.io/styleguide/javaguide.html#s7.1.3-javadoc-block-tags)
  Did you mean '*'?
[WARNING] /tmp/dspace-backend-package-2beaws0r/dspace-backend-java-offline/dspace-backend/dspace-server-webapp/src/main/java/org/dspace/app/rest/utils/Utils.java:[422,7] [EmptyBlockTag] A block tag (@param, @return, @throws, @deprecated) has an empty description. Block tags without descriptions don't add much value for future readers of the code; consider removing the tag entirely or adding a description.
    (see https://google.github.io/styleguide/javaguide.html#s7.1.3-javadoc-block-tags)
  Did you mean '*'?
[WARNING] /tmp/dspace-backend-package-2beaws0r/dspace-backend-java-offline/dspace-backend/dspace-server-webapp/src/main/java/org/dspace/app/rest/utils/Utils.java:[429,51] [StringSplitter] String.split(String) has surprising behavior
    (see https://errorprone.info/bugpattern/StringSplitter)
  Did you mean 'List<String> parts = Splitter.onPattern("[\\/]").splitToList(originalFilename);'?
[WARNING] /tmp/dspace-backend-package-2beaws0r/dspace-backend-java-offline/dspace-backend/dspace-server-webapp/src/main/java/org/dspace/app/rest/utils/Utils.java:[480,43] [JdkObsolete] It is very rare for LinkedList to out-perform ArrayList or ArrayDeque. Avoid it unless you're willing to invest a lot of time into benchmarking. Caveat: LinkedList supports null elements, but ArrayDeque does not.
    (see https://errorprone.info/bugpattern/JdkObsolete)
  Did you mean 'List<DSpaceObject> dSpaceObjects = new ArrayList<>();'?
[WARNING] /tmp/dspace-backend-package-2beaws0r/dspace-backend-java-offline/dspace-backend/dspace-server-webapp/src/main/java/org/dspace/app/rest/utils/Utils.java:[509,28] [JdkObsolete] It is very rare for LinkedList to out-perform ArrayList or ArrayDeque. Avoid it unless you're willing to invest a lot of time into benchmarking. Caveat: LinkedList supports null elements, but ArrayDeque does not.
    (see https://errorprone.info/bugpattern/JdkObsolete)
  Did you mean 'List<String> list = new ArrayList<>();'?
[WARNING] /tmp/dspace-backend-package-2beaws0r/dspace-backend-java-offline/dspace-backend/dspace-server-webapp/src/main/java/org/dspace/app/rest/utils/Utils.java:[510,26] [DefaultCharset] Implicit use of the platform default charset, which can result in differing behaviour between JVM executions or incorrect behavior if the encoding of the data source doesn't match expectations.
    (see https://errorprone.info/bugpattern/DefaultCharset)
  Did you mean 'Scanner scanner = new Scanner(request.getInputStream(), UTF_8);' or 'Scanner scanner = new Scanner(request.getInputStream(), Charset.defaultCharset());'?
[WARNING] /tmp/dspace-backend-package-2beaws0r/dspace-backend-java-offline/dspace-backend/dspace-server-webapp/src/main/java/org/dspace/app/rest/utils/Utils.java:[543,7] [InvalidThrows] The documented method doesn't actually throw this checked exception.
    (see https://errorprone.info/bugpattern/InvalidThrows)
  Did you mean '*'?
[WARNING] /tmp/dspace-backend-package-2beaws0r/dspace-backend-java-offline/dspace-backend/dspace-server-webapp/src/main/java/org/dspace/app/rest/utils/Utils.java:[555,37] [TypeParameterUnusedInFormals] Declaring a type parameter that is only used in the return type is a misuse of generics: operations on the type parameter are unchecked, it hides unsafe casts at invocations of the method, and it interacts badly with method overload resolution.
    (see https://errorprone.info/bugpattern/TypeParameterUnusedInFormals)
[WARNING] /tmp/dspace-backend-package-2beaws0r/dspace-backend-java-offline/dspace-backend/dspace-server-webapp/src/main/java/org/dspace/app/rest/utils/Utils.java:[653,50] [StringSplitter] String.split(String) has surprising behavior
    (see https://errorprone.info/bugpattern/StringSplitter)
  Did you mean 'for (String value : Splitter.on(',').split(rawValue)) {'?
[WARNING] /tmp/dspace-backend-package-2beaws0r/dspace-backend-java-offline/dspace-backend/dspace-server-webapp/src/main/java/org/dspace/app/rest/utils/Utils.java:[948,7] [EmptyBlockTag] A block tag (@param, @return, @throws, @deprecated) has an empty description. Block tags without descriptions don't add much value for future readers of the code; consider removing the tag entirely or adding a description.
    (see https://google.github.io/styleguide/javaguide.html#s7.1.3-javadoc-block-tags)
  Did you mean '*'?
[WARNING] /tmp/dspace-backend-package-2beaws0r/dspace-backend-java-offline/dspace-backend/dspace-server-webapp/src/main/java/org/dspace/app/rest/utils/Utils.java:[949,7] [EmptyBlockTag] A block tag (@param, @return, @throws, @deprecated) has an empty description. Block tags without descriptions don't add much value for future readers of the code; consider removing the tag entirely or adding a description.
    (see https://google.github.io/styleguide/javaguide.html#s7.1.3-javadoc-block-tags)
  Did you mean '*'?
[WARNING] /tmp/dspace-backend-package-2beaws0r/dspace-backend-java-offline/dspace-backend/dspace-server-webapp/src/main/java/org/dspace/app/rest/utils/Utils.java:[950,7] [EmptyBlockTag] A block tag (@param, @return, @throws, @deprecated) has an empty description. Block tags without descriptions don't add much value for future readers of the code; consider removing the tag entirely or adding a description.
    (see https://google.github.io/styleguide/javaguide.html#s7.1.3-javadoc-block-tags)
  Did you mean '*'?
[WARNING] /tmp/dspace-backend-package-2beaws0r/dspace-backend-java-offline/dspace-backend/dspace-server-webapp/src/main/java/org/dspace/app/rest/utils/Utils.java:[1051,35] [StringSplitter] String.split(String) has surprising behavior
    (see https://errorprone.info/bugpattern/StringSplitter)
  Did you mean 'List<String> split = Splitter.on('.').splitToList(type);'?
[WARNING] /tmp/dspace-backend-package-2beaws0r/dspace-backend-java-offline/dspace-backend/dspace-server-webapp/src/main/java/org/dspace/app/rest/model/hateoas/HALResource.java:[34,31] [UnusedVariable] The field 'pageHeader' is never read.
    (see https://errorprone.info/bugpattern/UnusedVariable)
  Did you mean to remove this line?
[WARNING] /tmp/dspace-backend-package-2beaws0r/dspace-backend-java-offline/dspace-backend/dspace-server-webapp/src/main/java/org/dspace/app/rest/model/hateoas/HALResource.java:[59,44] [UnnecessaryParentheses] These grouping parentheses are unnecessary; it is unlikely the code will be misinterpreted without them
    (see https://errorprone.info/bugpattern/UnnecessaryParentheses)
  Did you mean 'if (!list.stream().anyMatch( l -> StringUtils.equalsIgnoreCase(l.getName(), name))) {'?
[WARNING] /tmp/dspace-backend-package-2beaws0r/dspace-backend-java-offline/dspace-backend/dspace-server-webapp/src/main/java/org/dspace/app/rest/model/AuthnRest.java:[23,18] [MissingOverride] getCategory implements method in RestAddressableModel; expected @Override
    (see https://errorprone.info/bugpattern/MissingOverride)
  Did you mean '@Override public String getCategory() {'?
[WARNING] /tmp/dspace-backend-package-2beaws0r/dspace-backend-java-offline/dspace-backend/dspace-server-webapp/src/main/java/org/dspace/app/rest/model/AuthnRest.java:[27,18] [MissingOverride] getType implements method in RestModel; expected @Override
    (see https://errorprone.info/bugpattern/MissingOverride)
  Did you mean '@Override public String getType() {'?
[WARNING] /tmp/dspace-backend-package-2beaws0r/dspace-backend-java-offline/dspace-backend/dspace-server-webapp/src/main/java/org/dspace/app/rest/model/AuthnRest.java:[31,17] [MissingOverride] getController implements method in RestAddressableModel; expected @Override
    (see https://errorprone.info/bugpattern/MissingOverride)
  Did you mean '@Override public Class getController() {'?
[WARNING] /tmp/dspace-backend-package-2beaws0r/dspace-backend-java-offline/dspace-backend/dspace-server-webapp/src/main/java/org/dspace/app/rest/model/AuthenticationStatusRest.java:[47,17] [MissingOverride] getController implements method in RestAddressableModel; expected @Override
    (see https://errorprone.info/bugpattern/MissingOverride)
  Did you mean '@Override public Class getController() {'?
[WARNING] /tmp/dspace-backend-package-2beaws0r/dspace-backend-java-offline/dspace-backend/dspace-server-webapp/src/main/java/org/dspace/app/rest/model/GroupRest.java:[48,18] [MissingOverride] getName overrides method in DSpaceObjectRest; expected @Override
    (see https://errorprone.info/bugpattern/MissingOverride)
  Did you mean '@Override public String getName() {'?
[WARNING] /tmp/dspace-backend-package-2beaws0r/dspace-backend-java-offline/dspace-backend/dspace-server-webapp/src/main/java/org/dspace/app/rest/model/GroupRest.java:[52,16] [MissingOverride] setName overrides method in DSpaceObjectRest; expected @Override
    (see https://errorprone.info/bugpattern/MissingOverride)
  Did you mean '@Override public void setName(String name) {'?
[WARNING] /tmp/dspace-backend-package-2beaws0r/dspace-backend-java-offline/dspace-backend/dspace-server-webapp/src/main/java/org/dspace/app/rest/model/hateoas/EmbeddedPageHeader.java:[119,14] [ClassCanBeStatic] Inner class is non-static but does not reference enclosing class
    (see https://errorprone.info/bugpattern/ClassCanBeStatic)
  Did you mean 'protected static class Href {'?
[WARNING] /tmp/dspace-backend-package-2beaws0r/dspace-backend-java-offline/dspace-backend/dspace-server-webapp/src/main/java/org/dspace/app/rest/repository/DSpaceRestRepository.java:[115,4] [NotJavadoc] Avoid using `/**` for comments which aren't actually Javadoc.
    (see https://errorprone.info/bugpattern/NotJavadoc)
  Did you mean '/*'?
[WARNING] /tmp/dspace-backend-package-2beaws0r/dspace-backend-java-offline/dspace-backend/dspace-server-webapp/src/main/java/org/dspace/app/rest/repository/DSpaceRestRepository.java:[124,4] [NotJavadoc] Avoid using `/**` for comments which aren't actually Javadoc.
    (see https://errorprone.info/bugpattern/NotJavadoc)
  Did you mean '/*'?
[WARNING] /tmp/dspace-backend-package-2beaws0r/dspace-backend-java-offline/dspace-backend/dspace-server-webapp/src/main/java/org/dspace/app/rest/repository/DSpaceRestRepository.java:[152,4] [NotJavadoc] Avoid using `/**` for comments which aren't actually Javadoc.
    (see https://errorprone.info/bugpattern/NotJavadoc)
  Did you mean '/*'?
[WARNING] /tmp/dspace-backend-package-2beaws0r/dspace-backend-java-offline/dspace-backend/dspace-server-webapp/src/main/java/org/dspace/app/rest/repository/DSpaceRestRepository.java:[161,4] [NotJavadoc] Avoid using `/**` for comments which aren't actually Javadoc.
    (see https://errorprone.info/bugpattern/NotJavadoc)
  Did you mean '/*'?
[WARNING] /tmp/dspace-backend-package-2beaws0r/dspace-backend-java-offline/dspace-backend/dspace-server-webapp/src/main/java/org/dspace/app/rest/repository/DSpaceRestRepository.java:[169,4] [NotJavadoc] Avoid using `/**` for comments which aren't actually Javadoc.
    (see https://errorprone.info/bugpattern/NotJavadoc)
  Did you mean '/*'?
[WARNING] /tmp/dspace-backend-package-2beaws0r/dspace-backend-java-offline/dspace-backend/dspace-server-webapp/src/main/java/org/dspace/app/rest/repository/DSpaceRestRepository.java:[178,4] [NotJavadoc] Avoid using `/**` for comments which aren't actually Javadoc.
    (see https://errorprone.info/bugpattern/NotJavadoc)
  Did you mean '/*'?
[WARNING] /tmp/dspace-backend-package-2beaws0r/dspace-backend-java-offline/dspace-backend/dspace-server-webapp/src/main/java/org/dspace/app/rest/repository/DSpaceRestRepository.java:[188,4] [NotJavadoc] Avoid using `/**` for comments which aren't actually Javadoc.
    (see https://errorprone.info/bugpattern/NotJavadoc)
  Did you mean '/*'?
[WARNING] /tmp/dspace-backend-package-2beaws0r/dspace-backend-java-offline/dspace-backend/dspace-server-webapp/src/main/java/org/dspace/app/rest/repository/DSpaceRestRepository.java:[191,4] [NotJavadoc] Avoid using `/**` for comments which aren't actually Javadoc.
    (see https://errorprone.info/bugpattern/NotJavadoc)
  Did you mean '/*'?
[WARNING] /tmp/dspace-backend-package-2beaws0r/dspace-backend-java-offline/dspace-backend/dspace-server-webapp/src/main/java/org/dspace/app/rest/repository/DSpaceRestRepository.java:[223,4] [NotJavadoc] Avoid using `/**` for comments which aren't actually Javadoc.
    (see https://errorprone.info/bugpattern/NotJavadoc)
  Did you mean '/*'?
[WARNING] /tmp/dspace-backend-package-2beaws0r/dspace-backend-java-offline/dspace-backend/dspace-server-webapp/src/main/java/org/dspace/app/rest/repository/DSpaceRestRepository.java:[231,4] [NotJavadoc] Avoid using `/**` for comments which aren't actually Javadoc.
    (see https://errorprone.info/bugpattern/NotJavadoc)
  Did you mean '/*'?
[WARNING] /tmp/dspace-backend-package-2beaws0r/dspace-backend-java-offline/dspace-backend/dspace-server-webapp/src/main/java/org/dspace/app/rest/repository/DSpaceRestRepository.java:[240,4] [NotJavadoc] Avoid using `/**` for comments which aren't actually Javadoc.
    (see https://errorprone.info/bugpattern/NotJavadoc)
  Did you mean '/*'?
[WARNING] /tmp/dspace-backend-package-2beaws0r/dspace-backend-java-offline/dspace-backend/dspace-server-webapp/src/main/java/org/dspace/app/rest/repository/DSpaceRestRepository.java:[248,4] [NotJavadoc] Avoid using `/**` for comments which aren't actually Javadoc.
    (see https://errorprone.info/bugpattern/NotJavadoc)
  Did you mean '/*'?
[WARNING] /tmp/dspace-backend-package-2beaws0r/dspace-backend-java-offline/dspace-backend/dspace-server-webapp/src/main/java/org/dspace/app/rest/repository/DSpaceRestRepository.java:[257,4] [NotJavadoc] Avoid using `/**` for comments which aren't actually Javadoc.
    (see https://errorprone.info/bugpattern/NotJavadoc)
  Did you mean '/*'?
[WARNING] /tmp/dspace-backend-package-2beaws0r/dspace-backend-java-offline/dspace-backend/dspace-server-webapp/src/main/java/org/dspace/app/rest/repository/DSpaceRestRepository.java:[265,4] [NotJavadoc] Avoid using `/**` for comments which aren't actually Javadoc.
    (see https://errorprone.info/bugpattern/NotJavadoc)
  Did you mean '/*'?
[WARNING] /tmp/dspace-backend-package-2beaws0r/dspace-backend-java-offline/dspace-backend/dspace-server-webapp/src/main/java/org/dspace/app/rest/repository/DSpaceRestRepository.java:[105,7] [EmptyBlockTag] A block tag (@param, @return, @throws, @deprecated) has an empty description. Block tags without descriptions don't add much value for future readers of the code; consider removing the tag entirely or adding a description.
    (see https://google.github.io/styleguide/javaguide.html#s7.1.3-javadoc-block-tags)
  Did you mean '*'?
[WARNING] /tmp/dspace-backend-package-2beaws0r/dspace-backend-java-offline/dspace-backend/dspace-server-webapp/src/main/java/org/dspace/app/rest/repository/DSpaceRestRepository.java:[214,7] [EmptyBlockTag] A block tag (@param, @return, @throws, @deprecated) has an empty description. Block tags without descriptions don't add much value for future readers of the code; consider removing the tag entirely or adding a description.
    (see https://google.github.io/styleguide/javaguide.html#s7.1.3-javadoc-block-tags)
  Did you mean '*'?
[WARNING] /tmp/dspace-backend-package-2beaws0r/dspace-backend-java-offline/dspace-backend/dspace-server-webapp/src/main/java/org/dspace/app/rest/repository/DSpaceRestRepository.java:[280,7] [EmptyBlockTag] A block tag (@param, @return, @throws, @deprecated) has an empty description. Block tags without descriptions don't add much value for future readers of the code; consider removing the tag entirely or adding a description.
    (see https://google.github.io/styleguide/javaguide.html#s7.1.3-javadoc-block-tags)
  Did you mean '*'?
[WARNING] /tmp/dspace-backend-package-2beaws0r/dspace-backend-java-offline/dspace-backend/dspace-server-webapp/src/main/java/org/dspace/app/rest/repository/DSpaceRestRepository.java:[359,7] [EmptyBlockTag] A block tag (@param, @return, @throws, @deprecated) has an empty description. Block tags without descriptions don't add much value for future readers of the code; consider removing the tag entirely or adding a description.
    (see https://google.github.io/styleguide/javaguide.html#s7.1.3-javadoc-block-tags)
  Did you mean '*'?
[WARNING] /tmp/dspace-backend-package-2beaws0r/dspace-backend-java-offline/dspace-backend/dspace-server-webapp/src/main/java/org/dspace/app/rest/repository/DSpaceRestRepository.java:[360,7] [EmptyBlockTag] A block tag (@param, @return, @throws, @deprecated) has an empty description. Block tags without descriptions don't add much value for future readers of the code; consider removing the tag entirely or adding a description.
    (see https://google.github.io/styleguide/javaguide.html#s7.1.3-javadoc-block-tags)
  Did you mean '*'?
[WARNING] /tmp/dspace-backend-package-2beaws0r/dspace-backend-java-offline/dspace-backend/dspace-server-webapp/src/main/java/org/dspace/app/rest/repository/DSpaceRestRepository.java:[379,7] [EmptyBlockTag] A block tag (@param, @return, @throws, @deprecated) has an empty description. Block tags without descriptions don't add much value for future readers of the code; consider removing the tag entirely or adding a description.
    (see https://google.github.io/styleguide/javaguide.html#s7.1.3-javadoc-block-tags)
  Did you mean '*'?
[WARNING] /tmp/dspace-backend-package-2beaws0r/dspace-backend-java-offline/dspace-backend/dspace-server-webapp/src/main/java/org/dspace/app/rest/repository/DSpaceRestRepository.java:[380,7] [EmptyBlockTag] A block tag (@param, @return, @throws, @deprecated) has an empty description. Block tags without descriptions don't add much value for future readers of the code; consider removing the tag entirely or adding a description.
    (see https://google.github.io/styleguide/javaguide.html#s7.1.3-javadoc-block-tags)
  Did you mean '*'?
[WARNING] /tmp/dspace-backend-package-2beaws0r/dspace-backend-java-offline/dspace-backend/dspace-server-webapp/src/main/java/org/dspace/app/rest/repository/DSpaceRestRepository.java:[396,7] [EmptyBlockTag] A block tag (@param, @return, @throws, @deprecated) has an empty description. Block tags without descriptions don't add much value for future readers of the code; consider removing the tag entirely or adding a description.
    (see https://google.github.io/styleguide/javaguide.html#s7.1.3-javadoc-block-tags)
  Did you mean '*'?
[WARNING] /tmp/dspace-backend-package-2beaws0r/dspace-backend-java-offline/dspace-backend/dspace-server-webapp/src/main/java/org/dspace/app/rest/repository/DSpaceRestRepository.java:[397,7] [EmptyBlockTag] A block tag (@param, @return, @throws, @deprecated) has an empty description. Block tags without descriptions don't add much value for future readers of the code; consider removing the tag entirely or adding a description.
    (see https://google.github.io/styleguide/javaguide.html#s7.1.3-javadoc-block-tags)
  Did you mean '*'?
[WARNING] /tmp/dspace-backend-package-2beaws0r/dspace-backend-java-offline/dspace-backend/dspace-server-webapp/src/main/java/org/dspace/app/rest/repository/DSpaceRestRepository.java:[411,7] [EmptyBlockTag] A block tag (@param, @return, @throws, @deprecated) has an empty description. Block tags without descriptions don't add much value for future readers of the code; consider removing the tag entirely or adding a description.
    (see https://google.github.io/styleguide/javaguide.html#s7.1.3-javadoc-block-tags)
  Did you mean '*'?
[WARNING] /tmp/dspace-backend-package-2beaws0r/dspace-backend-java-offline/dspace-backend/dspace-server-webapp/src/main/java/org/dspace/app/rest/repository/DSpaceRestRepository.java:[412,7] [EmptyBlockTag] A block tag (@param, @return, @throws, @deprecated) has an empty description. Block tags without descriptions don't add much value for future readers of the code; consider removing the tag entirely or adding a description.
    (see https://google.github.io/styleguide/javaguide.html#s7.1.3-javadoc-block-tags)
  Did you mean '*'?
[WARNING] /tmp/dspace-backend-package-2beaws0r/dspace-backend-java-offline/dspace-backend/dspace-server-webapp/src/main/java/org/dspace/app/rest/repository/DSpaceRestRepository.java:[429,7] [EmptyBlockTag] A block tag (@param, @return, @throws, @deprecated) has an empty description. Block tags without descriptions don't add much value for future readers of the code; consider removing the tag entirely or adding a description.
    (see https://google.github.io/styleguide/javaguide.html#s7.1.3-javadoc-block-tags)
  Did you mean '*'?
[WARNING] /tmp/dspace-backend-package-2beaws0r/dspace-backend-java-offline/dspace-backend/dspace-server-webapp/src/main/java/org/dspace/app/rest/repository/DSpaceRestRepository.java:[430,7] [EmptyBlockTag] A block tag (@param, @return, @throws, @deprecated) has an empty description. Block tags without descriptions don't add much value for future readers of the code; consider removing the tag entirely or adding a description.
    (see https://google.github.io/styleguide/javaguide.html#s7.1.3-javadoc-block-tags)
  Did you mean '*'?
[WARNING] /tmp/dspace-backend-package-2beaws0r/dspace-backend-java-offline/dspace-backend/dspace-server-webapp/src/main/java/org/dspace/app/rest/repository/DSpaceRestRepository.java:[433,7] [EmptyBlockTag] A block tag (@param, @return, @throws, @deprecated) has an empty description. Block tags without descriptions don't add much value for future readers of the code; consider removing the tag entirely or adding a description.
    (see https://google.github.io/styleguide/javaguide.html#s7.1.3-javadoc-block-tags)
  Did you mean '*'?
[WARNING] /tmp/dspace-backend-package-2beaws0r/dspace-backend-java-offline/dspace-backend/dspace-server-webapp/src/main/java/org/dspace/app/rest/repository/DSpaceRestRepository.java:[434,7] [EmptyBlockTag] A block tag (@param, @return, @throws, @deprecated) has an empty description. Block tags without descriptions don't add much value for future readers of the code; consider removing the tag entirely or adding a description.
    (see https://google.github.io/styleguide/javaguide.html#s7.1.3-javadoc-block-tags)
  Did you mean '*'?
[WARNING] /tmp/dspace-backend-package-2beaws0r/dspace-backend-java-offline/dspace-backend/dspace-server-webapp/src/main/java/org/dspace/app/rest/repository/DSpaceRestRepository.java:[435,7] [EmptyBlockTag] A block tag (@param, @return, @throws, @deprecated) has an empty description. Block tags without descriptions don't add much value for future readers of the code; consider removing the tag entirely or adding a description.
    (see https://google.github.io/styleguide/javaguide.html#s7.1.3-javadoc-block-tags)
  Did you mean '*'?
[INFO] 
[INFO] --- resources:3.5.0:testResources (default-testResources) @ dspace-server-webapp ---
[INFO] Copying 60 resources from src/test/resources to target/test-classes
[INFO] 
[INFO] --- xml:1.2.1:validate (validate-ALL-xml-and-xsl) @ dspace-server-webapp ---
[INFO] 
[INFO] --- compiler:3.15.0:testCompile (default-testCompile) @ dspace-server-webapp ---
[INFO] Recompiling the module because of changed dependency.
[INFO] Compiling 307 source files with javac [forked debug release 11] to target/test-classes
[WARNING] /tmp/dspace-backend-package-2beaws0r/dspace-backend-java-offline/dspace-backend/dspace-server-webapp/src/test/java/org/dspace/app/bulkaccesscontrol/BulkAccessControlScriptIT.java:[122,60] [JdkObsolete] It is very rare for LinkedList to out-perform ArrayList or ArrayDeque. Avoid it unless you're willing to invest a lot of time into benchmarking. Caveat: LinkedList supports null elements, but ArrayDeque does not.
    (see https://errorprone.info/bugpattern/JdkObsolete)
[WARNING] /tmp/dspace-backend-package-2beaws0r/dspace-backend-java-offline/dspace-backend/dspace-server-webapp/src/test/java/org/dspace/app/bulkaccesscontrol/BulkAccessControlScriptIT.java:[176,60] [JdkObsolete] It is very rare for LinkedList to out-perform ArrayList or ArrayDeque. Avoid it unless you're willing to invest a lot of time into benchmarking. Caveat: LinkedList supports null elements, but ArrayDeque does not.
    (see https://errorprone.info/bugpattern/JdkObsolete)
[WARNING] /tmp/dspace-backend-package-2beaws0r/dspace-backend-java-offline/dspace-backend/dspace-server-webapp/src/test/java/org/dspace/app/bulkaccesscontrol/BulkAccessControlScriptIT.java:[238,60] [JdkObsolete] It is very rare for LinkedList to out-perform ArrayList or ArrayDeque. Avoid it unless you're willing to invest a lot of time into benchmarking. Caveat: LinkedList supports null elements, but ArrayDeque does not.
    (see https://errorprone.info/bugpattern/JdkObsolete)
[WARNING] /tmp/dspace-backend-package-2beaws0r/dspace-backend-java-offline/dspace-backend/dspace-server-webapp/src/test/java/org/dspace/app/bulkaccesscontrol/BulkAccessControlScriptIT.java:[305,60] [JdkObsolete] It is very rare for LinkedList to out-perform ArrayList or ArrayDeque. Avoid it unless you're willing to invest a lot of time into benchmarking. Caveat: LinkedList supports null elements, but ArrayDeque does not.
    (see https://errorprone.info/bugpattern/JdkObsolete)
[WARNING] /tmp/dspace-backend-package-2beaws0r/dspace-backend-java-offline/dspace-backend/dspace-server-webapp/src/test/java/org/dspace/app/bulkaccesscontrol/BulkAccessControlScriptIT.java:[378,60] [JdkObsolete] It is very rare for LinkedList to out-perform ArrayList or ArrayDeque. Avoid it unless you're willing to invest a lot of time into benchmarking. Caveat: LinkedList supports null elements, but ArrayDeque does not.
    (see https://errorprone.info/bugpattern/JdkObsolete)
[WARNING] /tmp/dspace-backend-package-2beaws0r/dspace-backend-java-offline/dspace-backend/dspace-server-webapp/src/test/java/org/dspace/app/bulkaccesscontrol/BulkAccessControlScriptIT.java:[478,60] [JdkObsolete] It is very rare for LinkedList to out-perform ArrayList or ArrayDeque. Avoid it unless you're willing to invest a lot of time into benchmarking. Caveat: LinkedList supports null elements, but ArrayDeque does not.
    (see https://errorprone.info/bugpattern/JdkObsolete)
[WARNING] /tmp/dspace-backend-package-2beaws0r/dspace-backend-java-offline/dspace-backend/dspace-server-webapp/src/test/java/org/dspace/app/rest/test/AbstractControllerIntegrationTest.java:[193,12] [CatchAndPrintStackTrace] Logging or rethrowing exceptions should usually be preferred to catching and calling printStackTrace
    (see https://errorprone.info/bugpattern/CatchAndPrintStackTrace)
[WARNING] /tmp/dspace-backend-package-2beaws0r/dspace-backend-java-offline/dspace-backend/dspace-server-webapp/src/test/java/org/dspace/app/itemexport/ItemExportIT.java:[116,13] [UnusedVariable] The local variable 'item1' is never read.
    (see https://errorprone.info/bugpattern/UnusedVariable)
  Did you mean to remove this line or 'ItemBuilder.createItem(context, collection)'?
[WARNING] /tmp/dspace-backend-package-2beaws0r/dspace-backend-java-offline/dspace-backend/dspace-server-webapp/src/test/java/org/dspace/app/itemexport/ItemExportIT.java:[261,22] [UnusedVariable] The local variable 'bitstream' is never read.
    (see https://errorprone.info/bugpattern/UnusedVariable)
  Did you mean to remove this line or 'BitstreamBuilder.createBitstream(context, item, is)'?
[WARNING] /tmp/dspace-backend-package-2beaws0r/dspace-backend-java-offline/dspace-backend/dspace-server-webapp/src/test/java/org/dspace/app/itemexport/ItemExportIT.java:[121,13] [UnusedVariable] The local variable 'item2' is never read.
    (see https://errorprone.info/bugpattern/UnusedVariable)
  Did you mean to remove this line or 'ItemBuilder.createItem(context, collection)'?
[WARNING] /tmp/dspace-backend-package-2beaws0r/dspace-backend-java-offline/dspace-backend/dspace-server-webapp/src/test/java/org/dspace/app/itemexport/ItemExportIT.java:[167,22] [UnusedVariable] The local variable 'bitstream' is never read.
    (see https://errorprone.info/bugpattern/UnusedVariable)
  Did you mean to remove this line or 'BitstreamBuilder.createBitstream(context, item, is)'?
[WARNING] /tmp/dspace-backend-package-2beaws0r/dspace-backend-java-offline/dspace-backend/dspace-server-webapp/src/test/java/org/dspace/app/itemexport/ItemExportIT.java:[106,35] [StreamResourceLeak] Streams that encapsulate a closeable resource should be closed using try-with-resources
    (see https://errorprone.info/bugpattern/StreamResourceLeak)
  Did you mean 'try (Stream<Path> stream = Files.list(workDir)) {'?
[WARNING] /tmp/dspace-backend-package-2beaws0r/dspace-backend-java-offline/dspace-backend/dspace-server-webapp/src/test/java/org/dspace/app/itemexport/ItemExportIT.java:[128,60] [JdkObsolete] It is very rare for LinkedList to out-perform ArrayList or ArrayDeque. Avoid it unless you're willing to invest a lot of time into benchmarking. Caveat: LinkedList supports null elements, but ArrayDeque does not.
    (see https://errorprone.info/bugpattern/JdkObsolete)
[WARNING] /tmp/dspace-backend-package-2beaws0r/dspace-backend-java-offline/dspace-backend/dspace-server-webapp/src/test/java/org/dspace/app/itemexport/ItemExportIT.java:[147,60] [JdkObsolete] It is very rare for LinkedList to out-perform ArrayList or ArrayDeque. Avoid it unless you're willing to invest a lot of time into benchmarking. Caveat: LinkedList supports null elements, but ArrayDeque does not.
    (see https://errorprone.info/bugpattern/JdkObsolete)
[WARNING] /tmp/dspace-backend-package-2beaws0r/dspace-backend-java-offline/dspace-backend/dspace-server-webapp/src/test/java/org/dspace/app/itemexport/ItemExportIT.java:[174,60] [JdkObsolete] It is very rare for LinkedList to out-perform ArrayList or ArrayDeque. Avoid it unless you're willing to invest a lot of time into benchmarking. Caveat: LinkedList supports null elements, but ArrayDeque does not.
    (see https://errorprone.info/bugpattern/JdkObsolete)
[WARNING] /tmp/dspace-backend-package-2beaws0r/dspace-backend-java-offline/dspace-backend/dspace-server-webapp/src/test/java/org/dspace/app/itemexport/ItemExportIT.java:[194,60] [JdkObsolete] It is very rare for LinkedList to out-perform ArrayList or ArrayDeque. Avoid it unless you're willing to invest a lot of time into benchmarking. Caveat: LinkedList supports null elements, but ArrayDeque does not.
    (see https://errorprone.info/bugpattern/JdkObsolete)
[WARNING] /tmp/dspace-backend-package-2beaws0r/dspace-backend-java-offline/dspace-backend/dspace-server-webapp/src/test/java/org/dspace/app/itemexport/ItemExportIT.java:[218,60] [JdkObsolete] It is very rare for LinkedList to out-perform ArrayList or ArrayDeque. Avoid it unless you're willing to invest a lot of time into benchmarking. Caveat: LinkedList supports null elements, but ArrayDeque does not.
    (see https://errorprone.info/bugpattern/JdkObsolete)
[WARNING] /tmp/dspace-backend-package-2beaws0r/dspace-backend-java-offline/dspace-backend/dspace-server-webapp/src/test/java/org/dspace/app/itemexport/ItemExportIT.java:[240,60] [JdkObsolete] It is very rare for LinkedList to out-perform ArrayList or ArrayDeque. Avoid it unless you're willing to invest a lot of time into benchmarking. Caveat: LinkedList supports null elements, but ArrayDeque does not.
    (see https://errorprone.info/bugpattern/JdkObsolete)
[WARNING] /tmp/dspace-backend-package-2beaws0r/dspace-backend-java-offline/dspace-backend/dspace-server-webapp/src/test/java/org/dspace/app/itemexport/ItemExportIT.java:[268,60] [JdkObsolete] It is very rare for LinkedList to out-perform ArrayList or ArrayDeque. Avoid it unless you're willing to invest a lot of time into benchmarking. Caveat: LinkedList supports null elements, but ArrayDeque does not.
    (see https://errorprone.info/bugpattern/JdkObsolete)
[WARNING] /tmp/dspace-backend-package-2beaws0r/dspace-backend-java-offline/dspace-backend/dspace-server-webapp/src/test/java/org/dspace/app/itemexport/ItemExportIT.java:[289,60] [JdkObsolete] It is very rare for LinkedList to out-perform ArrayList or ArrayDeque. Avoid it unless you're willing to invest a lot of time into benchmarking. Caveat: LinkedList supports null elements, but ArrayDeque does not.
    (see https://errorprone.info/bugpattern/JdkObsolete)
[WARNING] /tmp/dspace-backend-package-2beaws0r/dspace-backend-java-offline/dspace-backend/dspace-server-webapp/src/test/java/org/dspace/app/itemexport/ItemExportIT.java:[300,7] [EmptyBlockTag] A block tag (@param, @return, @throws, @deprecated) has an empty description. Block tags without descriptions don't add much value for future readers of the code; consider removing the tag entirely or adding a description.
    (see https://google.github.io/styleguide/javaguide.html#s7.1.3-javadoc-block-tags)
  Did you mean '*'?
[WARNING] /tmp/dspace-backend-package-2beaws0r/dspace-backend-java-offline/dspace-backend/dspace-server-webapp/src/test/java/org/dspace/app/itemexport/ItemExportIT.java:[308,7] [EmptyBlockTag] A block tag (@param, @return, @throws, @deprecated) has an empty description. Block tags without descriptions don't add much value for future readers of the code; consider removing the tag entirely or adding a description.
    (see https://google.github.io/styleguide/javaguide.html#s7.1.3-javadoc-block-tags)
  Did you mean '*'?
[WARNING] /tmp/dspace-backend-package-2beaws0r/dspace-backend-java-offline/dspace-backend/dspace-server-webapp/src/test/java/org/dspace/app/itemexport/ItemExportIT.java:[309,7] [EmptyBlockTag] A block tag (@param, @return, @throws, @deprecated) has an empty description. Block tags without descriptions don't add much value for future readers of the code; consider removing the tag entirely or adding a description.
    (see https://google.github.io/styleguide/javaguide.html#s7.1.3-javadoc-block-tags)
  Did you mean '*'?
[WARNING] /tmp/dspace-backend-package-2beaws0r/dspace-backend-java-offline/dspace-backend/dspace-server-webapp/src/test/java/org/dspace/app/itemexport/ItemExportIT.java:[315,75] [NonApiType] Prefer a java.util.List instead. 
    (see https://errorprone.info/bugpattern/NonApiType)
[WARNING] /tmp/dspace-backend-package-2beaws0r/dspace-backend-java-offline/dspace-backend/dspace-server-webapp/src/test/java/org/dspace/app/itemimport/ItemImportIT.java:[146,13] [UnusedVariable] The local variable 'person' is never read.
    (see https://errorprone.info/bugpattern/UnusedVariable)
  Did you mean to remove this line or 'ItemBuilder.createItem(context, collectionPerson)'?
[WARNING] /tmp/dspace-backend-package-2beaws0r/dspace-backend-java-offline/dspace-backend/dspace-server-webapp/src/test/java/org/dspace/app/itemimport/ItemImportIT.java:[112,35] [StreamResourceLeak] Streams that encapsulate a closeable resource should be closed using try-with-resources
    (see https://errorprone.info/bugpattern/StreamResourceLeak)
  Did you mean 'try (Stream<Path> stream = Files.list(workDir)) {'?
[WARNING] /tmp/dspace-backend-package-2beaws0r/dspace-backend-java-offline/dspace-backend/dspace-server-webapp/src/test/java/org/dspace/app/itemimport/ItemImportIT.java:[120,60] [JdkObsolete] It is very rare for LinkedList to out-perform ArrayList or ArrayDeque. Avoid it unless you're willing to invest a lot of time into benchmarking. Caveat: LinkedList supports null elements, but ArrayDeque does not.
    (see https://errorprone.info/bugpattern/JdkObsolete)
[WARNING] /tmp/dspace-backend-package-2beaws0r/dspace-backend-java-offline/dspace-backend/dspace-server-webapp/src/test/java/org/dspace/app/itemimport/ItemImportIT.java:[151,60] [JdkObsolete] It is very rare for LinkedList to out-perform ArrayList or ArrayDeque. Avoid it unless you're willing to invest a lot of time into benchmarking. Caveat: LinkedList supports null elements, but ArrayDeque does not.
    (see https://errorprone.info/bugpattern/JdkObsolete)
[WARNING] /tmp/dspace-backend-package-2beaws0r/dspace-backend-java-offline/dspace-backend/dspace-server-webapp/src/test/java/org/dspace/app/itemimport/ItemImportIT.java:[166,7] [EmptyBlockTag] A block tag (@param, @return, @throws, @deprecated) has an empty description. Block tags without descriptions don't add much value for future readers of the code; consider removing the tag entirely or adding a description.
    (see https://google.github.io/styleguide/javaguide.html#s7.1.3-javadoc-block-tags)
  Did you mean '*'?
[WARNING] /tmp/dspace-backend-package-2beaws0r/dspace-backend-java-offline/dspace-backend/dspace-server-webapp/src/test/java/org/dspace/app/itemimport/ItemImportIT.java:[180,7] [EmptyBlockTag] A block tag (@param, @return, @throws, @deprecated) has an empty description. Block tags without descriptions don't add much value for future readers of the code; consider removing the tag entirely or adding a description.
    (see https://google.github.io/styleguide/javaguide.html#s7.1.3-javadoc-block-tags)
  Did you mean '*'?
[WARNING] /tmp/dspace-backend-package-2beaws0r/dspace-backend-java-offline/dspace-backend/dspace-server-webapp/src/test/java/org/dspace/app/itemimport/ItemImportIT.java:[192,7] [EmptyBlockTag] A block tag (@param, @return, @throws, @deprecated) has an empty description. Block tags without descriptions don't add much value for future readers of the code; consider removing the tag entirely or adding a description.
    (see https://google.github.io/styleguide/javaguide.html#s7.1.3-javadoc-block-tags)
  Did you mean '*'?
[WARNING] /tmp/dspace-backend-package-2beaws0r/dspace-backend-java-offline/dspace-backend/dspace-server-webapp/src/test/java/org/dspace/app/itemimport/ItemImportIT.java:[205,7] [EmptyBlockTag] A block tag (@param, @return, @throws, @deprecated) has an empty description. Block tags without descriptions don't add much value for future readers of the code; consider removing the tag entirely or adding a description.
    (see https://google.github.io/styleguide/javaguide.html#s7.1.3-javadoc-block-tags)
  Did you mean '*'?
[WARNING] /tmp/dspace-backend-package-2beaws0r/dspace-backend-java-offline/dspace-backend/dspace-server-webapp/src/test/java/org/dspace/app/itemimport/ItemImportIT.java:[220,75] [NonApiType] Prefer a java.util.List instead. 
    (see https://errorprone.info/bugpattern/NonApiType)
[WARNING] /tmp/dspace-backend-package-2beaws0r/dspace-backend-java-offline/dspace-backend/dspace-server-webapp/src/test/java/org/dspace/app/oai/OAIpmhIT.java:[147,19] [JavaUtilDate] Date has a bad API that leads to bugs; prefer java.time.Instant or LocalDate.
    (see https://errorprone.info/bugpattern/JavaUtilDate)
[WARNING] /tmp/dspace-backend-package-2beaws0r/dspace-backend-java-offline/dspace-backend/dspace-server-webapp/src/test/java/org/dspace/app/oai/OAIpmhIT.java:[278,7] [EmptyBlockTag] A block tag (@param, @return, @throws, @deprecated) has an empty description. Block tags without descriptions don't add much value for future readers of the code; consider removing the tag entirely or adding a description.
    (see https://google.github.io/styleguide/javaguide.html#s7.1.3-javadoc-block-tags)
  Did you mean '*'?
[WARNING] /tmp/dspace-backend-package-2beaws0r/dspace-backend-java-offline/dspace-backend/dspace-server-webapp/src/test/java/org/dspace/app/opensearch/OpenSearchControllerIT.java:[106,13] [UnusedVariable] The local variable 'publicItem1' is never read.
    (see https://errorprone.info/bugpattern/UnusedVariable)
  Did you mean to remove this line or 'ItemBuilder.createItem(context, col1)'?
[WARNING] /tmp/dspace-backend-package-2beaws0r/dspace-backend-java-offline/dspace-backend/dspace-server-webapp/src/test/java/org/dspace/app/opensearch/OpenSearchControllerIT.java:[159,13] [UnusedVariable] The local variable 'publicItem1' is never read.
    (see https://errorprone.info/bugpattern/UnusedVariable)
  Did you mean to remove this line or 'ItemBuilder.createItem(context, col1)'?
[WARNING] /tmp/dspace-backend-package-2beaws0r/dspace-backend-java-offline/dspace-backend/dspace-server-webapp/src/test/java/org/dspace/app/opensearch/OpenSearchControllerIT.java:[304,13] [UnusedVariable] The local variable 'publicItem1' is never read.
    (see https://errorprone.info/bugpattern/UnusedVariable)
  Did you mean to remove this line or 'ItemBuilder.createItem(context, collection1)'?
[WARNING] /tmp/dspace-backend-package-2beaws0r/dspace-backend-java-offline/dspace-backend/dspace-server-webapp/src/test/java/org/dspace/app/opensearch/OpenSearchControllerIT.java:[111,13] [UnusedVariable] The local variable 'publicItem2' is never read.
    (see https://errorprone.info/bugpattern/UnusedVariable)
  Did you mean to remove this line or 'ItemBuilder.createItem(context, col1)'?
[WARNING] /tmp/dspace-backend-package-2beaws0r/dspace-backend-java-offline/dspace-backend/dspace-server-webapp/src/test/java/org/dspace/app/rest/ADSImportMetadataSourceServiceIT.java:[163,21] [NonApiType] Prefer a java.util.List instead. 
    (see https://errorprone.info/bugpattern/NonApiType)
[WARNING] /tmp/dspace-backend-package-2beaws0r/dspace-backend-java-offline/dspace-backend/dspace-server-webapp/src/test/java/org/dspace/app/rest/AbstractLiveImportIntegrationTest.java:[30,3] [MissingSummary] A summary line is required on public/protected Javadocs.
    (see https://google.github.io/styleguide/javaguide.html#s7.2-summary-fragment)
[WARNING] /tmp/dspace-backend-package-2beaws0r/dspace-backend-java-offline/dspace-backend/dspace-server-webapp/src/test/java/org/dspace/app/rest/AbstractLiveImportIntegrationTest.java:[34,56] [NonApiType] Prefer a java.util.List instead. 
    (see https://errorprone.info/bugpattern/NonApiType)
[WARNING] /tmp/dspace-backend-package-2beaws0r/dspace-backend-java-offline/dspace-backend/dspace-server-webapp/src/test/java/org/dspace/app/rest/AbstractLiveImportIntegrationTest.java:[34,97] [NonApiType] Prefer a java.util.List instead. 
    (see https://errorprone.info/bugpattern/NonApiType)
[WARNING] /tmp/dspace-backend-package-2beaws0r/dspace-backend-java-offline/dspace-backend/dspace-server-webapp/src/test/java/org/dspace/app/rest/AnonymousAdditionalAuthorizationFilterIT.java:[39,33] [MutablePublicArray] Non-empty arrays are mutable, so this `public static final` array is not a constant and can be modified by clients of this class.  Prefer an ImmutableList, or provide an accessor method that returns a defensive copy.
    (see https://errorprone.info/bugpattern/MutablePublicArray)
[WARNING] /tmp/dspace-backend-package-2beaws0r/dspace-backend-java-offline/dspace-backend/dspace-server-webapp/src/test/java/org/dspace/app/rest/AnonymousAdditionalAuthorizationFilterIT.java:[40,33] [MutablePublicArray] Non-empty arrays are mutable, so this `public static final` array is not a constant and can be modified by clients of this class.  Prefer an ImmutableList, or provide an accessor method that returns a defensive copy.
    (see https://errorprone.info/bugpattern/MutablePublicArray)
[WARNING] /tmp/dspace-backend-package-2beaws0r/dspace-backend-java-offline/dspace-backend/dspace-server-webapp/src/test/java/org/dspace/app/rest/AnonymousAdditionalAuthorizationFilterIT.java:[43,33] [MutablePublicArray] Non-empty arrays are mutable, so this `public static final` array is not a constant and can be modified by clients of this class.  Prefer an ImmutableList, or provide an accessor method that returns a defensive copy.
    (see https://errorprone.info/bugpattern/MutablePublicArray)
[WARNING] /tmp/dspace-backend-package-2beaws0r/dspace-backend-java-offline/dspace-backend/dspace-server-webapp/src/test/java/org/dspace/app/rest/AuthenticationRestControllerIT.java:[203,14] [UnusedVariable] The local variable 'specialGroupIP' is never read.
    (see https://errorprone.info/bugpattern/UnusedVariable)
  Did you mean to remove this line or 'GroupBuilder.createGroup(context)'?
[WARNING] /tmp/dspace-backend-package-2beaws0r/dspace-backend-java-offline/dspace-backend/dspace-server-webapp/src/test/java/org/dspace/app/rest/AuthenticationRestControllerIT.java:[200,14] [UnusedVariable] The local variable 'specialGroupPwd' is never read.
    (see https://errorprone.info/bugpattern/UnusedVariable)
  Did you mean to remove this line or 'GroupBuilder.createGroup(context)'?
[WARNING] /tmp/dspace-backend-package-2beaws0r/dspace-backend-java-offline/dspace-backend/dspace-server-webapp/src/test/java/org/dspace/app/rest/AuthenticationRestControllerIT.java:[1033,14] [UnusedVariable] The local variable 'reviewersGroup' is never read.
    (see https://errorprone.info/bugpattern/UnusedVariable)
  Did you mean to remove this line or 'GroupBuilder.createGroup(context)'?
[WARNING] /tmp/dspace-backend-package-2beaws0r/dspace-backend-java-offline/dspace-backend/dspace-server-webapp/src/test/java/org/dspace/app/rest/AuthenticationRestControllerIT.java:[1059,14] [UnusedVariable] The local variable 'reviewersGroup' is never read.
    (see https://errorprone.info/bugpattern/UnusedVariable)
  Did you mean to remove this line or 'GroupBuilder.createGroup(context)'?
[WARNING] /tmp/dspace-backend-package-2beaws0r/dspace-backend-java-offline/dspace-backend/dspace-server-webapp/src/test/java/org/dspace/app/rest/AuthenticationRestControllerIT.java:[1007,14] [UnusedVariable] The local variable 'reviewersGroup' is never read.
    (see https://errorprone.info/bugpattern/UnusedVariable)
  Did you mean to remove this line or 'GroupBuilder.createGroup(context)'?
[WARNING] /tmp/dspace-backend-package-2beaws0r/dspace-backend-java-offline/dspace-backend/dspace-server-webapp/src/test/java/org/dspace/app/rest/AuthenticationRestControllerIT.java:[981,14] [UnusedVariable] The local variable 'reviewersGroup' is never read.
    (see https://errorprone.info/bugpattern/UnusedVariable)
  Did you mean to remove this line or 'GroupBuilder.createGroup(context)'?
[WARNING] /tmp/dspace-backend-package-2beaws0r/dspace-backend-java-offline/dspace-backend/dspace-server-webapp/src/test/java/org/dspace/app/rest/AuthenticationRestControllerIT.java:[1085,14] [UnusedVariable] The local variable 'reviewersGroup' is never read.
    (see https://errorprone.info/bugpattern/UnusedVariable)
  Did you mean to remove this line or 'GroupBuilder.createGroup(context)'?
[WARNING] /tmp/dspace-backend-package-2beaws0r/dspace-backend-java-offline/dspace-backend/dspace-server-webapp/src/test/java/org/dspace/app/rest/AuthenticationRestControllerIT.java:[114,33] [MutablePublicArray] Non-empty arrays are mutable, so this `public static final` array is not a constant and can be modified by clients of this class.  Prefer an ImmutableList, or provide an accessor method that returns a defensive copy.
    (see https://errorprone.info/bugpattern/MutablePublicArray)
[WARNING] /tmp/dspace-backend-package-2beaws0r/dspace-backend-java-offline/dspace-backend/dspace-server-webapp/src/test/java/org/dspace/app/rest/AuthenticationRestControllerIT.java:[115,33] [MutablePublicArray] Non-empty arrays are mutable, so this `public static final` array is not a constant and can be modified by clients of this class.  Prefer an ImmutableList, or provide an accessor method that returns a defensive copy.
    (see https://errorprone.info/bugpattern/MutablePublicArray)
[WARNING] /tmp/dspace-backend-package-2beaws0r/dspace-backend-java-offline/dspace-backend/dspace-server-webapp/src/test/java/org/dspace/app/rest/AuthenticationRestControllerIT.java:[116,33] [MutablePublicArray] Non-empty arrays are mutable, so this `public static final` array is not a constant and can be modified by clients of this class.  Prefer an ImmutableList, or provide an accessor method that returns a defensive copy.
    (see https://errorprone.info/bugpattern/MutablePublicArray)
[WARNING] /tmp/dspace-backend-package-2beaws0r/dspace-backend-java-offline/dspace-backend/dspace-server-webapp/src/test/java/org/dspace/app/rest/AuthenticationRestControllerIT.java:[117,33] [MutablePublicArray] Non-empty arrays are mutable, so this `public static final` array is not a constant and can be modified by clients of this class.  Prefer an ImmutableList, or provide an accessor method that returns a defensive copy.
    (see https://errorprone.info/bugpattern/MutablePublicArray)
[WARNING] /tmp/dspace-backend-package-2beaws0r/dspace-backend-java-offline/dspace-backend/dspace-server-webapp/src/test/java/org/dspace/app/rest/AuthenticationRestControllerIT.java:[121,33] [MutablePublicArray] Non-empty arrays are mutable, so this `public static final` array is not a constant and can be modified by clients of this class.  Prefer an ImmutableList, or provide an accessor method that returns a defensive copy.
    (see https://errorprone.info/bugpattern/MutablePublicArray)
[WARNING] /tmp/dspace-backend-package-2beaws0r/dspace-backend-java-offline/dspace-backend/dspace-server-webapp/src/test/java/org/dspace/app/rest/AuthenticationRestControllerIT.java:[125,33] [MutablePublicArray] Non-empty arrays are mutable, so this `public static final` array is not a constant and can be modified by clients of this class.  Prefer an ImmutableList, or provide an accessor method that returns a defensive copy.
    (see https://errorprone.info/bugpattern/MutablePublicArray)
[WARNING] /tmp/dspace-backend-package-2beaws0r/dspace-backend-java-offline/dspace-backend/dspace-server-webapp/src/test/java/org/dspace/app/rest/AuthenticationRestControllerIT.java:[194,7] [EmptyBlockTag] A block tag (@param, @return, @throws, @deprecated) has an empty description. Block tags without descriptions don't add much value for future readers of the code; consider removing the tag entirely or adding a description.
    (see https://google.github.io/styleguide/javaguide.html#s7.1.3-javadoc-block-tags)
  Did you mean '*'?
[WARNING] /tmp/dspace-backend-package-2beaws0r/dspace-backend-java-offline/dspace-backend/dspace-server-webapp/src/test/java/org/dspace/app/rest/AuthenticationRestControllerIT.java:[626,39] [StringSplitter] String.split(String) has surprising behavior
    (see https://errorprone.info/bugpattern/StringSplitter)
  Did you mean 'List<String> jwtSplit = Splitter.on('.').splitToList(token);'?
[WARNING] /tmp/dspace-backend-package-2beaws0r/dspace-backend-java-offline/dspace-backend/dspace-server-webapp/src/test/java/org/dspace/app/rest/AuthenticationRestControllerIT.java:[629,26] [DefaultCharset] Implicit use of the platform default charset, which can result in differing behaviour between JVM executions or incorrect behavior if the encoding of the data source doesn't match expectations.
    (see https://errorprone.info/bugpattern/DefaultCharset)
  Did you mean '.getBytes()), UTF_8);' or '.getBytes()), Charset.defaultCharset());'?
[WARNING] /tmp/dspace-backend-package-2beaws0r/dspace-backend-java-offline/dspace-backend/dspace-server-webapp/src/test/java/org/dspace/app/rest/AuthenticationRestControllerIT.java:[633,25] [DefaultCharset] Implicit use of the platform default charset, which can result in differing behaviour between JVM executions or incorrect behavior if the encoding of the data source doesn't match expectations.
    (see https://errorprone.info/bugpattern/DefaultCharset)
  Did you mean '.getBytes(UTF_8)));' or '.getBytes(Charset.defaultCharset())));'?
[WARNING] /tmp/dspace-backend-package-2beaws0r/dspace-backend-java-offline/dspace-backend/dspace-server-webapp/src/test/java/org/dspace/app/rest/AuthenticationRestControllerIT.java:[630,12] [DefaultCharset] Implicit use of the platform default charset, which can result in differing behaviour between JVM executions or incorrect behavior if the encoding of the data source doesn't match expectations.
    (see https://errorprone.info/bugpattern/DefaultCharset)
  Did you mean 'token.split("\\.")[1]), UTF_8)' or 'token.split("\\.")[1]), Charset.defaultCharset())'?
[WARNING] /tmp/dspace-backend-package-2beaws0r/dspace-backend-java-offline/dspace-backend/dspace-server-webapp/src/test/java/org/dspace/app/rest/AuthenticationRestControllerIT.java:[631,27] [StringSplitter] String.split(String) has surprising behavior
    (see https://errorprone.info/bugpattern/StringSplitter)
  Did you mean 'Iterables.get(Splitter.on('.').split(token), 1)))'?
[WARNING] /tmp/dspace-backend-package-2beaws0r/dspace-backend-java-offline/dspace-backend/dspace-server-webapp/src/test/java/org/dspace/app/rest/AuthenticationRestControllerIT.java:[920,7] [EmptyBlockTag] A block tag (@param, @return, @throws, @deprecated) has an empty description. Block tags without descriptions don't add much value for future readers of the code; consider removing the tag entirely or adding a description.
    (see https://google.github.io/styleguide/javaguide.html#s7.1.3-javadoc-block-tags)
  Did you mean '*'?
[WARNING] /tmp/dspace-backend-package-2beaws0r/dspace-backend-java-offline/dspace-backend/dspace-server-webapp/src/test/java/org/dspace/app/rest/AuthorizationFeatureRestRepositoryIT.java:[43,7] [EmptyBlockTag] A block tag (@param, @return, @throws, @deprecated) has an empty description. Block tags without descriptions don't add much value for future readers of the code; consider removing the tag entirely or adding a description.
    (see https://google.github.io/styleguide/javaguide.html#s7.1.3-javadoc-block-tags)
  Did you mean '*'?
[WARNING] /tmp/dspace-backend-package-2beaws0r/dspace-backend-java-offline/dspace-backend/dspace-server-webapp/src/test/java/org/dspace/app/rest/AuthorizationFeatureRestRepositoryIT.java:[69,7] [EmptyBlockTag] A block tag (@param, @return, @throws, @deprecated) has an empty description. Block tags without descriptions don't add much value for future readers of the code; consider removing the tag entirely or adding a description.
    (see https://google.github.io/styleguide/javaguide.html#s7.1.3-javadoc-block-tags)
  Did you mean '*'?
[WARNING] /tmp/dspace-backend-package-2beaws0r/dspace-backend-java-offline/dspace-backend/dspace-server-webapp/src/test/java/org/dspace/app/rest/AuthorizationFeatureRestRepositoryIT.java:[108,7] [EmptyBlockTag] A block tag (@param, @return, @throws, @deprecated) has an empty description. Block tags without descriptions don't add much value for future readers of the code; consider removing the tag entirely or adding a description.
    (see https://google.github.io/styleguide/javaguide.html#s7.1.3-javadoc-block-tags)
  Did you mean '*'?
[WARNING] /tmp/dspace-backend-package-2beaws0r/dspace-backend-java-offline/dspace-backend/dspace-server-webapp/src/test/java/org/dspace/app/rest/AuthorizationFeatureRestRepositoryIT.java:[128,7] [EmptyBlockTag] A block tag (@param, @return, @throws, @deprecated) has an empty description. Block tags without descriptions don't add much value for future readers of the code; consider removing the tag entirely or adding a description.
    (see https://google.github.io/styleguide/javaguide.html#s7.1.3-javadoc-block-tags)
  Did you mean '*'?
[WARNING] /tmp/dspace-backend-package-2beaws0r/dspace-backend-java-offline/dspace-backend/dspace-server-webapp/src/test/java/org/dspace/app/rest/AuthorizationFeatureServiceIT.java:[55,7] [EmptyBlockTag] A block tag (@param, @return, @throws, @deprecated) has an empty description. Block tags without descriptions don't add much value for future readers of the code; consider removing the tag entirely or adding a description.
    (see https://google.github.io/styleguide/javaguide.html#s7.1.3-javadoc-block-tags)
  Did you mean '*'?
[WARNING] /tmp/dspace-backend-package-2beaws0r/dspace-backend-java-offline/dspace-backend/dspace-server-webapp/src/test/java/org/dspace/app/rest/AuthorizationFeatureServiceIT.java:[77,7] [EmptyBlockTag] A block tag (@param, @return, @throws, @deprecated) has an empty description. Block tags without descriptions don't add much value for future readers of the code; consider removing the tag entirely or adding a description.
    (see https://google.github.io/styleguide/javaguide.html#s7.1.3-javadoc-block-tags)
  Did you mean '*'?
[WARNING] /tmp/dspace-backend-package-2beaws0r/dspace-backend-java-offline/dspace-backend/dspace-server-webapp/src/test/java/org/dspace/app/rest/AuthorizationFeatureServiceIT.java:[92,7] [EmptyBlockTag] A block tag (@param, @return, @throws, @deprecated) has an empty description. Block tags without descriptions don't add much value for future readers of the code; consider removing the tag entirely or adding a description.
    (see https://google.github.io/styleguide/javaguide.html#s7.1.3-javadoc-block-tags)
  Did you mean '*'?
[WARNING] /tmp/dspace-backend-package-2beaws0r/dspace-backend-java-offline/dspace-backend/dspace-server-webapp/src/test/java/org/dspace/app/rest/AuthorizationFeatureServiceIT.java:[127,7] [EmptyBlockTag] A block tag (@param, @return, @throws, @deprecated) has an empty description. Block tags without descriptions don't add much value for future readers of the code; consider removing the tag entirely or adding a description.
    (see https://google.github.io/styleguide/javaguide.html#s7.1.3-javadoc-block-tags)
  Did you mean '*'?
[WARNING] /tmp/dspace-backend-package-2beaws0r/dspace-backend-java-offline/dspace-backend/dspace-server-webapp/src/test/java/org/dspace/app/rest/AuthorizationRestRepositoryIT.java:[2419,17] [UnusedVariable] The local variable 'itemRest' is never read.
    (see https://errorprone.info/bugpattern/UnusedVariable)
  Did you mean to remove this line or 'itemConverter.convert(item, DefaultProjection.DEFAULT);'?
[WARNING] /tmp/dspace-backend-package-2beaws0r/dspace-backend-java-offline/dspace-backend/dspace-server-webapp/src/test/java/org/dspace/app/rest/AuthorizationRestRepositoryIT.java:[2922,14] [UnusedVariable] The local variable 'testGroup' is never read.
    (see https://errorprone.info/bugpattern/UnusedVariable)
  Did you mean to remove this line or 'GroupBuilder.createGroup(context).withName(TrueForUsersInGroupTestFeature.GROUP_NAME)'?
[WARNING] /tmp/dspace-backend-package-2beaws0r/dspace-backend-java-offline/dspace-backend/dspace-server-webapp/src/test/java/org/dspace/app/rest/AuthorizationRestRepositoryIT.java:[2509,17] [UnusedVariable] The local variable 'siteRest' is never read.
    (see https://errorprone.info/bugpattern/UnusedVariable)
  Did you mean to remove this line or 'siteConverter.convert(site, DefaultProjection.DEFAULT);'?
[WARNING] /tmp/dspace-backend-package-2beaws0r/dspace-backend-java-offline/dspace-backend/dspace-server-webapp/src/test/java/org/dspace/app/rest/AuthorizationRestRepositoryIT.java:[1632,15] [UnusedVariable] The local variable 'siteUri' is never read.
    (see https://errorprone.info/bugpattern/UnusedVariable)
  Did you mean to remove this line or 'utils.linkToSingleResource(siteRest, "self").getHref();'?
[WARNING] /tmp/dspace-backend-package-2beaws0r/dspace-backend-java-offline/dspace-backend/dspace-server-webapp/src/test/java/org/dspace/app/rest/AuthorizationRestRepositoryIT.java:[2422,17] [UnusedVariable] The local variable 'secondItemRest' is never read.
    (see https://errorprone.info/bugpattern/UnusedVariable)
  Did you mean to remove this line or 'itemConverter.convert(secondItem, DefaultProjection.DEFAULT);'?
[WARNING] /tmp/dspace-backend-package-2beaws0r/dspace-backend-java-offline/dspace-backend/dspace-server-webapp/src/test/java/org/dspace/app/rest/AuthorizationRestRepositoryIT.java:[2638,17] [UnusedVariable] The local variable 'invalidUris' is never read.
    (see https://errorprone.info/bugpattern/UnusedVariable)
  Did you mean to remove this line?
[WARNING] /tmp/dspace-backend-package-2beaws0r/dspace-backend-java-offline/dspace-backend/dspace-server-webapp/src/test/java/org/dspace/app/rest/AuthorizationRestRepositoryIT.java:[156,7] [EmptyBlockTag] A block tag (@param, @return, @throws, @deprecated) has an empty description. Block tags without descriptions don't add much value for future readers of the code; consider removing the tag entirely or adding a description.
    (see https://google.github.io/styleguide/javaguide.html#s7.1.3-javadoc-block-tags)
  Did you mean '*'?
[WARNING] /tmp/dspace-backend-package-2beaws0r/dspace-backend-java-offline/dspace-backend/dspace-server-webapp/src/test/java/org/dspace/app/rest/AuthorizationRestRepositoryIT.java:[170,7] [EmptyBlockTag] A block tag (@param, @return, @throws, @deprecated) has an empty description. Block tags without descriptions don't add much value for future readers of the code; consider removing the tag entirely or adding a description.
    (see https://google.github.io/styleguide/javaguide.html#s7.1.3-javadoc-block-tags)
  Did you mean '*'?
[WARNING] /tmp/dspace-backend-package-2beaws0r/dspace-backend-java-offline/dspace-backend/dspace-server-webapp/src/test/java/org/dspace/app/rest/AuthorizationRestRepositoryIT.java:[212,7] [EmptyBlockTag] A block tag (@param, @return, @throws, @deprecated) has an empty description. Block tags without descriptions don't add much value for future readers of the code; consider removing the tag entirely or adding a description.
    (see https://google.github.io/styleguide/javaguide.html#s7.1.3-javadoc-block-tags)
  Did you mean '*'?
[WARNING] /tmp/dspace-backend-package-2beaws0r/dspace-backend-java-offline/dspace-backend/dspace-server-webapp/src/test/java/org/dspace/app/rest/AuthorizationRestRepositoryIT.java:[235,7] [EmptyBlockTag] A block tag (@param, @return, @throws, @deprecated) has an empty description. Block tags without descriptions don't add much value for future readers of the code; consider removing the tag entirely or adding a description.
    (see https://google.github.io/styleguide/javaguide.html#s7.1.3-javadoc-block-tags)
  Did you mean '*'?
[WARNING] /tmp/dspace-backend-package-2beaws0r/dspace-backend-java-offline/dspace-backend/dspace-server-webapp/src/test/java/org/dspace/app/rest/AuthorizationRestRepositoryIT.java:[271,7] [EmptyBlockTag] A block tag (@param, @return, @throws, @deprecated) has an empty description. Block tags without descriptions don't add much value for future readers of the code; consider removing the tag entirely or adding a description.
    (see https://google.github.io/styleguide/javaguide.html#s7.1.3-javadoc-block-tags)
  Did you mean '*'?
[WARNING] /tmp/dspace-backend-package-2beaws0r/dspace-backend-java-offline/dspace-backend/dspace-server-webapp/src/test/java/org/dspace/app/rest/AuthorizationRestRepositoryIT.java:[358,7] [EmptyBlockTag] A block tag (@param, @return, @throws, @deprecated) has an empty description. Block tags without descriptions don't add much value for future readers of the code; consider removing the tag entirely or adding a description.
    (see https://google.github.io/styleguide/javaguide.html#s7.1.3-javadoc-block-tags)
  Did you mean '*'?
[WARNING] /tmp/dspace-backend-package-2beaws0r/dspace-backend-java-offline/dspace-backend/dspace-server-webapp/src/test/java/org/dspace/app/rest/AuthorizationRestRepositoryIT.java:[385,7] [EmptyBlockTag] A block tag (@param, @return, @throws, @deprecated) has an empty description. Block tags without descriptions don't add much value for future readers of the code; consider removing the tag entirely or adding a description.
    (see https://google.github.io/styleguide/javaguide.html#s7.1.3-javadoc-block-tags)
  Did you mean '*'?
[WARNING] /tmp/dspace-backend-package-2beaws0r/dspace-backend-java-offline/dspace-backend/dspace-server-webapp/src/test/java/org/dspace/app/rest/AuthorizationRestRepositoryIT.java:[674,7] [EmptyBlockTag] A block tag (@param, @return, @throws, @deprecated) has an empty description. Block tags without descriptions don't add much value for future readers of the code; consider removing the tag entirely or adding a description.
    (see https://google.github.io/styleguide/javaguide.html#s7.1.3-javadoc-block-tags)
  Did you mean '*'?
[WARNING] /tmp/dspace-backend-package-2beaws0r/dspace-backend-java-offline/dspace-backend/dspace-server-webapp/src/test/java/org/dspace/app/rest/AuthorizationRestRepositoryIT.java:[765,7] [EmptyBlockTag] A block tag (@param, @return, @throws, @deprecated) has an empty description. Block tags without descriptions don't add much value for future readers of the code; consider removing the tag entirely or adding a description.
    (see https://google.github.io/styleguide/javaguide.html#s7.1.3-javadoc-block-tags)
  Did you mean '*'?
[WARNING] /tmp/dspace-backend-package-2beaws0r/dspace-backend-java-offline/dspace-backend/dspace-server-webapp/src/test/java/org/dspace/app/rest/AuthorizationRestRepositoryIT.java:[847,7] [EmptyBlockTag] A block tag (@param, @return, @throws, @deprecated) has an empty description. Block tags without descriptions don't add much value for future readers of the code; consider removing the tag entirely or adding a description.
    (see https://google.github.io/styleguide/javaguide.html#s7.1.3-javadoc-block-tags)
  Did you mean '*'?
[WARNING] /tmp/dspace-backend-package-2beaws0r/dspace-backend-java-offline/dspace-backend/dspace-server-webapp/src/test/java/org/dspace/app/rest/AuthorizationRestRepositoryIT.java:[968,7] [EmptyBlockTag] A block tag (@param, @return, @throws, @deprecated) has an empty description. Block tags without descriptions don't add much value for future readers of the code; consider removing the tag entirely or adding a description.
    (see https://google.github.io/styleguide/javaguide.html#s7.1.3-javadoc-block-tags)
  Did you mean '*'?
[WARNING] /tmp/dspace-backend-package-2beaws0r/dspace-backend-java-offline/dspace-backend/dspace-server-webapp/src/test/java/org/dspace/app/rest/AuthorizationRestRepositoryIT.java:[1047,7] [EmptyBlockTag] A block tag (@param, @return, @throws, @deprecated) has an empty description. Block tags without descriptions don't add much value for future readers of the code; consider removing the tag entirely or adding a description.
    (see https://google.github.io/styleguide/javaguide.html#s7.1.3-javadoc-block-tags)
  Did you mean '*'?
[WARNING] /tmp/dspace-backend-package-2beaws0r/dspace-backend-java-offline/dspace-backend/dspace-server-webapp/src/test/java/org/dspace/app/rest/AuthorizationRestRepositoryIT.java:[1139,7] [EmptyBlockTag] A block tag (@param, @return, @throws, @deprecated) has an empty description. Block tags without descriptions don't add much value for future readers of the code; consider removing the tag entirely or adding a description.
    (see https://google.github.io/styleguide/javaguide.html#s7.1.3-javadoc-block-tags)
  Did you mean '*'?
[WARNING] /tmp/dspace-backend-package-2beaws0r/dspace-backend-java-offline/dspace-backend/dspace-server-webapp/src/test/java/org/dspace/app/rest/AuthorizationRestRepositoryIT.java:[1179,7] [EmptyBlockTag] A block tag (@param, @return, @throws, @deprecated) has an empty description. Block tags without descriptions don't add much value for future readers of the code; consider removing the tag entirely or adding a description.
    (see https://google.github.io/styleguide/javaguide.html#s7.1.3-javadoc-block-tags)
  Did you mean '*'?
[WARNING] /tmp/dspace-backend-package-2beaws0r/dspace-backend-java-offline/dspace-backend/dspace-server-webapp/src/test/java/org/dspace/app/rest/AuthorizationRestRepositoryIT.java:[1221,7] [EmptyBlockTag] A block tag (@param, @return, @throws, @deprecated) has an empty description. Block tags without descriptions don't add much value for future readers of the code; consider removing the tag entirely or adding a description.
    (see https://google.github.io/styleguide/javaguide.html#s7.1.3-javadoc-block-tags)
  Did you mean '*'?
[WARNING] /tmp/dspace-backend-package-2beaws0r/dspace-backend-java-offline/dspace-backend/dspace-server-webapp/src/test/java/org/dspace/app/rest/AuthorizationRestRepositoryIT.java:[1285,7] [EmptyBlockTag] A block tag (@param, @return, @throws, @deprecated) has an empty description. Block tags without descriptions don't add much value for future readers of the code; consider removing the tag entirely or adding a description.
    (see https://google.github.io/styleguide/javaguide.html#s7.1.3-javadoc-block-tags)
  Did you mean '*'?
[WARNING] /tmp/dspace-backend-package-2beaws0r/dspace-backend-java-offline/dspace-backend/dspace-server-webapp/src/test/java/org/dspace/app/rest/AuthorizationRestRepositoryIT.java:[1450,7] [EmptyBlockTag] A block tag (@param, @return, @throws, @deprecated) has an empty description. Block tags without descriptions don't add much value for future readers of the code; consider removing the tag entirely or adding a description.
    (see https://google.github.io/styleguide/javaguide.html#s7.1.3-javadoc-block-tags)
  Did you mean '*'?
[WARNING] /tmp/dspace-backend-package-2beaws0r/dspace-backend-java-offline/dspace-backend/dspace-server-webapp/src/test/java/org/dspace/app/rest/AuthorizationRestRepositoryIT.java:[1513,7] [EmptyBlockTag] A block tag (@param, @return, @throws, @deprecated) has an empty description. Block tags without descriptions don't add much value for future readers of the code; consider removing the tag entirely or adding a description.
    (see https://google.github.io/styleguide/javaguide.html#s7.1.3-javadoc-block-tags)
  Did you mean '*'?
[WARNING] /tmp/dspace-backend-package-2beaws0r/dspace-backend-java-offline/dspace-backend/dspace-server-webapp/src/test/java/org/dspace/app/rest/AuthorizationRestRepositoryIT.java:[1620,7] [EmptyBlockTag] A block tag (@param, @return, @throws, @deprecated) has an empty description. Block tags without descriptions don't add much value for future readers of the code; consider removing the tag entirely or adding a description.
    (see https://google.github.io/styleguide/javaguide.html#s7.1.3-javadoc-block-tags)
  Did you mean '*'?
[WARNING] /tmp/dspace-backend-package-2beaws0r/dspace-backend-java-offline/dspace-backend/dspace-server-webapp/src/test/java/org/dspace/app/rest/AuthorizationRestRepositoryIT.java:[1694,7] [EmptyBlockTag] A block tag (@param, @return, @throws, @deprecated) has an empty description. Block tags without descriptions don't add much value for future readers of the code; consider removing the tag entirely or adding a description.
    (see https://google.github.io/styleguide/javaguide.html#s7.1.3-javadoc-block-tags)
  Did you mean '*'?
[INFO] 
[INFO] --- surefire:2.22.2:test (default-test) @ dspace-server-webapp ---
[INFO] Tests are skipped.
[INFO] 
[INFO] --- war:3.5.1:war (default-war) @ dspace-server-webapp ---
[INFO] Packaging webapp
[INFO] Assembling webapp [dspace-server-webapp] in [/tmp/dspace-backend-package-2beaws0r/dspace-backend-java-offline/dspace-backend/dspace-server-webapp/target/dspace-server-webapp-7.6.7]
[INFO] Processing war project
[INFO] Copying webapp resources [/tmp/dspace-backend-package-2beaws0r/dspace-backend-java-offline/dspace-backend/dspace-server-webapp/src/main/webapp]
[INFO] Building war: /tmp/dspace-backend-package-2beaws0r/dspace-backend-java-offline/dspace-backend/dspace-server-webapp/target/dspace-server-webapp-7.6.7.war
[INFO] Packaging classes
[INFO] Building jar: /tmp/dspace-backend-package-2beaws0r/dspace-backend-java-offline/dspace-backend/dspace-server-webapp/target/dspace-server-webapp-7.6.7-classes.jar
[INFO] 
[INFO] --- jar:3.5.0:test-jar (default) @ dspace-server-webapp ---
[INFO] Building jar: /tmp/dspace-backend-package-2beaws0r/dspace-backend-java-offline/dspace-backend/dspace-server-webapp/target/dspace-server-webapp-7.6.7-tests.jar
[INFO] 
[INFO] ---------------------< org.dspace.modules:server >----------------------
[INFO] Building DSpace Server Webapp:: Local Customizations 7.6.7       [12/13]
[INFO]   from dspace/modules/server/pom.xml
[INFO] --------------------------------[ war ]---------------------------------
[INFO] 
[INFO] --- enforcer:3.6.2:enforce (enforce-java) @ server ---
[INFO] 
[INFO] --- enforcer:3.6.2:enforce (enforce-versions) @ server ---
[INFO] Rule 0: org.apache.maven.enforcer.rules.dependency.DependencyConvergence passed
[INFO] 
[INFO] --- enforcer:3.6.2:enforce (ban-dependencies) @ server ---
[INFO] Rule 0: org.apache.maven.enforcer.rules.dependency.BannedDependencies passed
[INFO] 
[INFO] --- groovy:2.1.1:execute (setproperty) @ server ---
[INFO] Initializing Maven property 'agnostic.build.dir' to: /tmp/dspace-backend-package-2beaws0r/dspace-backend-java-offline/dspace-backend/dspace/modules/server/target
[INFO] 
[INFO] --- resources:3.5.0:resources (default-resources) @ server ---
[INFO] skip non existing resourceDirectory /tmp/dspace-backend-package-2beaws0r/dspace-backend-java-offline/dspace-backend/dspace/modules/server/src/main/resources
[INFO] 
[INFO] --- compiler:3.15.0:compile (default-compile) @ server ---
[INFO] No sources to compile
[INFO] 
[INFO] --- resources:3.5.0:testResources (default-testResources) @ server ---
[INFO] skip non existing resourceDirectory /tmp/dspace-backend-package-2beaws0r/dspace-backend-java-offline/dspace-backend/dspace/modules/server/src/test/resources
[INFO] 
[INFO] --- xml:1.2.1:validate (validate-ALL-xml-and-xsl) @ server ---
[INFO] 
[INFO] --- compiler:3.15.0:testCompile (default-testCompile) @ server ---
[INFO] Recompiling the module because of changed dependency.
[INFO] Compiling 2 source files with javac [forked debug release 11] to target/test-classes
[INFO] 
[INFO] --- surefire:2.22.2:test (default-test) @ server ---
[INFO] Tests are skipped.
[INFO] 
[INFO] --- dependency:3.10.0:unpack-dependencies (unpack) @ server ---
[INFO] 
[INFO] --- war:3.5.1:war (default-war) @ server ---
[INFO] Packaging webapp
[INFO] Assembling webapp [server] in [/tmp/dspace-backend-package-2beaws0r/dspace-backend-java-offline/dspace-backend/dspace/modules/server/target/server-7.6.7]
[INFO] Processing war project
[INFO] Copying webapp webResources [/tmp/dspace-backend-package-2beaws0r/dspace-backend-java-offline/dspace-backend/dspace/modules/server/target/additions] to [/tmp/dspace-backend-package-2beaws0r/dspace-backend-java-offline/dspace-backend/dspace/modules/server/target/server-7.6.7]
[INFO] Copying webapp resources [/tmp/dspace-backend-package-2beaws0r/dspace-backend-java-offline/dspace-backend/dspace/modules/server/src/main/webapp]
[INFO] Processing overlay [ id org.dspace:dspace-server-webapp]
[INFO] Building war: /tmp/dspace-backend-package-2beaws0r/dspace-backend-java-offline/dspace-backend/dspace/modules/server/target/server-7.6.7.war
[INFO] 
[INFO] -------------------------< org.dspace:dspace >--------------------------
[INFO] Building DSpace Assembly and Configuration 7.6.7                 [13/13]
[INFO]   from dspace/pom.xml
[INFO] --------------------------------[ pom ]---------------------------------
[INFO] 
[INFO] --- enforcer:3.6.2:enforce (enforce-java) @ dspace ---
[INFO] 
[INFO] --- enforcer:3.6.2:enforce (enforce-versions) @ dspace ---
[INFO] Rule 0: org.apache.maven.enforcer.rules.dependency.DependencyConvergence passed
[INFO] 
[INFO] --- enforcer:3.6.2:enforce (ban-dependencies) @ dspace ---
[INFO] Rule 0: org.apache.maven.enforcer.rules.dependency.BannedDependencies passed
[INFO] 
[INFO] --- xml:1.2.1:validate (validate-ALL-xml-and-xsl) @ dspace ---
[INFO] 
[INFO] --- assembly:3.8.0:single (default) @ dspace ---
[INFO] Reading assembly descriptor: src/main/assembly/assembly.xml
[INFO] Artifact net.handle:handle:pom:9.3.2 is present in the local repository, but cached from a remote repository ID that is unavailable in current build context, verifying that is downloadable from [central (https://repo.maven.apache.org/maven2, default, releases)]
[INFO] Artifact net.handle:handle:pom:9.3.2 is present in the local repository, but cached from a remote repository ID that is unavailable in current build context, verifying that is downloadable from [central (https://repo.maven.apache.org/maven2, default, releases)]
[INFO] Copying files to /tmp/dspace-backend-package-2beaws0r/dspace-backend-java-offline/dspace-backend/dspace/target/dspace-installer
[INFO] 1790 files copied to /tmp/dspace-backend-package-2beaws0r/dspace-backend-java-offline/dspace-backend/dspace/target/dspace-installer
[INFO] ------------------------------------------------------------------------
[INFO] Reactor Summary for DSpace Parent Project 7.6.7:
[INFO] 
[INFO] DSpace Parent Project .............................. SUCCESS [  1.451 s]
[INFO] DSpace Services Framework :: API and Implementation  SUCCESS [  9.027 s]
[INFO] DSpace Kernel :: API and Implementation ............ SUCCESS [01:12 min]
[INFO] DSpace Addon Modules ............................... SUCCESS [  0.128 s]
[INFO] DSpace Kernel :: Additions and Local Customizations  SUCCESS [  4.820 s]
[INFO] DSpace IIIF ........................................ SUCCESS [  4.807 s]
[INFO] DSpace OAI-PMH ..................................... SUCCESS [  9.648 s]
[INFO] DSpace RDF ......................................... SUCCESS [  3.538 s]
[INFO] DSpace SWORD ....................................... SUCCESS [  8.036 s]
[INFO] DSpace SWORD v2 .................................... SUCCESS [  7.218 s]
[INFO] DSpace Server Webapp ............................... SUCCESS [01:10 min]
[INFO] DSpace Server Webapp:: Local Customizations ........ SUCCESS [  5.567 s]
[INFO] DSpace Assembly and Configuration .................. SUCCESS [  4.069 s]
[INFO] ------------------------------------------------------------------------
[INFO] BUILD SUCCESS
[INFO] ------------------------------------------------------------------------
[INFO] Total time:  03:21 min
[INFO] Finished at: 2026-09-08T16:13:11+08:00
[INFO] ------------------------------------------------------------------------
